City	Date	AQI_avg
Ahmedabad	1/1/2024	118.17
Ahmedabad	1/2/2024	103.46
Ahmedabad	1/3/2024	90.12
Ahmedabad	1/4/2024	106.08
Ahmedabad	1/5/2024	123.13
Ahmedabad	1/6/2024	101.5
Ahmedabad	1/7/2024	101.75
Ahmedabad	1/8/2024	101.83
Ahmedabad	1/9/2024	122.21
Ahmedabad	1/10/2024	108.57
Ahmedabad	1/11/2024	89.54
Ahmedabad	1/12/2024	87.25
Ahmedabad	1/13/2024	116.12
Ahmedabad	1/14/2024	130.13
Ahmedabad	1/15/2024	72.33
Ahmedabad	1/16/2024	96.29
Ahmedabad	1/17/2024	114.67
Ahmedabad	1/18/2024	157.92
Ahmedabad	1/19/2024	137.88
Ahmedabad	1/20/2024	124.64
Ahmedabad	1/21/2024	108.21
Ahmedabad	1/22/2024	155.88
Ahmedabad	1/23/2024	180.25
Ahmedabad	1/24/2024	212.33
Ahmedabad	1/25/2024	165.61
Ahmedabad	1/26/2024	146.88
Ahmedabad	1/27/2024	118.83
Ahmedabad	1/28/2024	136.71
Ahmedabad	1/29/2024	155.54
Ahmedabad	1/30/2024	134.04
Ahmedabad	1/31/2024	120.5
Ahmedabad	2/2/2024	128.92
Ahmedabad	2/3/2024	162.42
Ahmedabad	2/4/2024	182.83
Ahmedabad	2/5/2024	122
Ahmedabad	2/6/2024	89.96
Ahmedabad	2/7/2024	88.5
Ahmedabad	2/8/2024	81.12
Ahmedabad	2/9/2024	104.75
Ahmedabad	2/10/2024	110.46
Ahmedabad	2/11/2024	109.92
Ahmedabad	2/12/2024	117
Ahmedabad	2/13/2024	133.25
Ahmedabad	2/14/2024	130.71
Ahmedabad	2/15/2024	130.64
Ahmedabad	2/16/2024	143
Ahmedabad	2/17/2024	142.71
Ahmedabad	2/18/2024	145.26
Ahmedabad	2/19/2024	98.08
Ahmedabad	2/20/2024	84.29
Ahmedabad	2/21/2024	94.25
Ahmedabad	2/22/2024	81.83
Ahmedabad	2/23/2024	111.29
Ahmedabad	2/24/2024	134.77
Ahmedabad	2/26/2024	119.45
Ahmedabad	2/27/2024	137.29
Ahmedabad	2/28/2024	126.96
Ahmedabad	2/29/2024	128
Ahmedabad	3/1/2024	153.33
Ahmedabad	3/2/2024	197.88
Ahmedabad	3/3/2024	126.83
Ahmedabad	3/4/2024	136.21
Ahmedabad	3/5/2024	192.38
Ahmedabad	3/6/2024	208.23
Ahmedabad	3/8/2024	173.24
Ahmedabad	3/9/2024	106.62
Ahmedabad	3/10/2024	114.88
Ahmedabad	3/11/2024	142
Ahmedabad	3/12/2024	89
Ahmedabad	3/13/2024	83.04
Ahmedabad	3/14/2024	100.26
Ahmedabad	3/15/2024	155.75
Ahmedabad	3/16/2024	193.58
Ahmedabad	3/17/2024	139.71
Ahmedabad	3/18/2024	87.58
Ahmedabad	3/19/2024	104.29
Ahmedabad	3/20/2024	108.33
Ahmedabad	3/21/2024	106.64
Ahmedabad	3/22/2024	130.67
Ahmedabad	3/23/2024	98.25
Ahmedabad	3/24/2024	85.88
Ahmedabad	3/25/2024	88.29
Ahmedabad	3/26/2024	86.25
Ahmedabad	3/27/2024	88
Ahmedabad	3/28/2024	88.63
Ahmedabad	3/29/2024	83.64
Ahmedabad	3/30/2024	79.25
Ahmedabad	3/31/2024	68.21
Ahmedabad	4/1/2024	94.21
Ahmedabad	4/2/2024	107.58
Ahmedabad	4/3/2024	88.96
Ahmedabad	4/4/2024	65
Ahmedabad	4/6/2024	136
Ahmedabad	4/7/2024	94.96
Ahmedabad	4/8/2024	108.25
Ahmedabad	4/9/2024	153.04
Ahmedabad	4/10/2024	158.92
Ahmedabad	4/11/2024	133.71
Ahmedabad	4/12/2024	145.17
Ahmedabad	4/13/2024	102.71
Ahmedabad	4/14/2024	112.05
Ahmedabad	4/17/2024	97.29
Ahmedabad	4/18/2024	110.08
Ahmedabad	4/19/2024	99.25
Ahmedabad	4/20/2024	113.04
Ahmedabad	4/21/2024	80.21
Ahmedabad	4/22/2024	77.21
Ahmedabad	4/23/2024	87.21
Ahmedabad	4/24/2024	119.71
Ahmedabad	4/25/2024	167.83
Ahmedabad	4/26/2024	146.65
Ahmedabad	4/27/2024	163.12
Ahmedabad	4/28/2024	214.04
Ahmedabad	4/29/2024	145.42
Ahmedabad	4/30/2024	142
Ahmedabad	5/3/2024	126.32
Ahmedabad	5/4/2024	150
Ahmedabad	5/5/2024	110.96
Ahmedabad	5/6/2024	89.17
Ahmedabad	5/7/2024	108.12
Ahmedabad	5/8/2024	114.79
Ahmedabad	5/9/2024	105.12
Ahmedabad	5/10/2024	104.46
Ahmedabad	5/11/2024	97
Ahmedabad	5/12/2024	104.79
Ahmedabad	5/13/2024	105.43
Ahmedabad	5/15/2024	156.4
Ahmedabad	5/16/2024	137.74
Ahmedabad	5/18/2024	216.11
Ahmedabad	5/19/2024	135.68
Ahmedabad	5/20/2024	103.88
Ahmedabad	5/21/2024	128.58
Ahmedabad	5/22/2024	181.58
Ahmedabad	5/23/2024	169.04
Ahmedabad	5/24/2024	183.29
Ahmedabad	5/25/2024	130.13
Ahmedabad	5/26/2024	110.39
Ahmedabad	5/27/2024	122.62
Ahmedabad	5/28/2024	166.5
Ahmedabad	5/29/2024	224.62
Ahmedabad	5/30/2024	202
Ahmedabad	6/2/2024	86.74
Ahmedabad	6/3/2024	91.38
Ahmedabad	6/4/2024	119.83
Ahmedabad	6/5/2024	126.83
Ahmedabad	6/6/2024	98.38
Ahmedabad	6/7/2024	97.71
Ahmedabad	6/8/2024	105.46
Ahmedabad	6/9/2024	108.83
Ahmedabad	6/10/2024	134.29
Ahmedabad	6/11/2024	127.83
Ahmedabad	6/12/2024	87.14
Ahmedabad	6/14/2024	69.32
Ahmedabad	6/15/2024	72.92
Ahmedabad	6/16/2024	69.6
Ahmedabad	6/18/2024	71.65
Ahmedabad	6/19/2024	61.71
Ahmedabad	6/20/2024	59
Ahmedabad	6/24/2024	75
Ahmedabad	6/25/2024	77.1
Ahmedabad	6/27/2024	50.13
Ahmedabad	6/30/2024	43.13
Bengaluru	1/1/2024	92.67
Bengaluru	1/2/2024	111.21
Bengaluru	1/3/2024	117.71
Bengaluru	1/4/2024	109.33
Bengaluru	1/5/2024	96.17
Bengaluru	1/6/2024	81.96
Bengaluru	1/7/2024	74.04
Bengaluru	1/8/2024	67.46
Bengaluru	1/9/2024	64.92
Bengaluru	1/10/2024	85.91
Bengaluru	1/11/2024	98.54
Bengaluru	1/12/2024	110.75
Bengaluru	1/13/2024	133.58
Bengaluru	1/14/2024	165.61
Bengaluru	1/15/2024	164.38
Bengaluru	1/16/2024	139.61
Bengaluru	1/17/2024	109.86
Bengaluru	1/18/2024	103.29
Bengaluru	1/19/2024	110.12
Bengaluru	1/20/2024	105.09
Bengaluru	1/21/2024	97.25
Bengaluru	1/22/2024	97.04
Bengaluru	1/23/2024	92.08
Bengaluru	1/24/2024	90.21
Bengaluru	1/25/2024	108.09
Bengaluru	1/26/2024	115.12
Bengaluru	1/27/2024	86.42
Bengaluru	1/28/2024	77
Bengaluru	1/29/2024	90.38
Bengaluru	1/30/2024	124.79
Bengaluru	1/31/2024	154.5
Bengaluru	2/1/2024	106.38
Bengaluru	2/2/2024	85.96
Bengaluru	2/3/2024	86.83
Bengaluru	2/4/2024	95.83
Bengaluru	2/5/2024	93.08
Bengaluru	2/6/2024	98.92
Bengaluru	2/7/2024	111.08
Bengaluru	2/8/2024	141.5
Bengaluru	2/9/2024	171.33
Bengaluru	2/10/2024	124.12
Bengaluru	2/11/2024	102
Bengaluru	2/12/2024	117.96
Bengaluru	2/13/2024	108.12
Bengaluru	2/14/2024	85.46
Bengaluru	2/15/2024	96.25
Bengaluru	2/16/2024	90.71
Bengaluru	2/17/2024	93.67
Bengaluru	2/18/2024	131.09
Bengaluru	2/19/2024	128.91
Bengaluru	2/21/2024	101.2
Bengaluru	2/22/2024	130.75
Bengaluru	2/23/2024	111.42
Bengaluru	2/24/2024	102.12
Bengaluru	2/25/2024	130.08
Bengaluru	2/26/2024	156.14
Bengaluru	2/27/2024	71.12
Bengaluru	2/28/2024	81.58
Bengaluru	2/29/2024	87.67
Bengaluru	3/1/2024	83.79
Bengaluru	3/2/2024	82.71
Bengaluru	3/3/2024	108.5
Bengaluru	3/4/2024	100.12
Bengaluru	3/5/2024	134.42
Bengaluru	3/6/2024	139.62
Bengaluru	3/7/2024	163.83
Bengaluru	3/8/2024	188.09
Bengaluru	3/9/2024	140.71
Bengaluru	3/10/2024	144.92
Bengaluru	3/11/2024	131
Bengaluru	3/12/2024	124.5
Bengaluru	3/13/2024	144.87
Bengaluru	3/14/2024	146.13
Bengaluru	3/15/2024	125.25
Bengaluru	3/18/2024	118.8
Bengaluru	3/19/2024	118.85
Bengaluru	3/21/2024	107.29
Bengaluru	3/24/2024	146.5
Bengaluru	3/25/2024	129.12
Bengaluru	3/26/2024	123.58
Bengaluru	3/27/2024	111.83
Bengaluru	3/28/2024	105.92
Bengaluru	3/29/2024	117.82
Bengaluru	3/30/2024	106.92
Bengaluru	3/31/2024	95.83
Bengaluru	4/1/2024	83.29
Bengaluru	4/2/2024	98.42
Bengaluru	4/3/2024	93.67
Bengaluru	4/4/2024	82.67
Bengaluru	4/5/2024	76.96
Bengaluru	4/6/2024	101.92
Bengaluru	4/7/2024	92.42
Bengaluru	4/8/2024	97.42
Bengaluru	4/9/2024	102.29
Bengaluru	4/10/2024	112.21
Bengaluru	4/11/2024	91.38
Bengaluru	4/12/2024	62.46
Bengaluru	4/13/2024	61.79
Bengaluru	4/14/2024	69.5
Bengaluru	4/15/2024	77.12
Bengaluru	4/16/2024	68.33
Bengaluru	4/17/2024	83.04
Bengaluru	4/18/2024	123.12
Bengaluru	4/19/2024	101.58
Bengaluru	4/20/2024	102.12
Bengaluru	4/21/2024	111.58
Bengaluru	4/22/2024	95.54
Bengaluru	4/23/2024	93.67
Bengaluru	4/24/2024	82.08
Bengaluru	4/25/2024	86.17
Bengaluru	4/26/2024	107
Bengaluru	4/27/2024	116.38
Bengaluru	4/28/2024	108.42
Bengaluru	4/29/2024	72.25
Bengaluru	4/30/2024	68
Bengaluru	5/1/2024	81
Bengaluru	5/2/2024	102.25
Bengaluru	5/3/2024	112.08
Bengaluru	5/4/2024	86.92
Bengaluru	5/5/2024	102.42
Bengaluru	5/6/2024	85.33
Bengaluru	5/7/2024	74.38
Bengaluru	5/8/2024	63.88
Bengaluru	5/9/2024	82.14
Bengaluru	5/10/2024	114.05
Bengaluru	5/11/2024	73.29
Bengaluru	5/12/2024	81.42
Bengaluru	5/13/2024	78.11
Bengaluru	5/15/2024	77.67
Bengaluru	5/16/2024	80.38
Bengaluru	5/17/2024	67.54
Bengaluru	5/18/2024	52.58
Bengaluru	5/19/2024	47.33
Bengaluru	5/20/2024	47.12
Bengaluru	5/21/2024	56.12
Bengaluru	5/22/2024	75.96
Bengaluru	5/23/2024	71.17
Bengaluru	5/24/2024	57
Bengaluru	5/25/2024	56.3
Bengaluru	5/26/2024	53.83
Bengaluru	5/27/2024	58.25
Bengaluru	5/28/2024	72.21
Bengaluru	5/29/2024	76.62
Bengaluru	5/30/2024	66.08
Bengaluru	5/31/2024	80.46
Bengaluru	6/1/2024	82.83
Bengaluru	6/2/2024	49.75
Bengaluru	6/3/2024	44.62
Bengaluru	6/4/2024	54.75
Bengaluru	6/5/2024	53.17
Bengaluru	6/6/2024	43.83
Bengaluru	6/7/2024	27.29
Bengaluru	6/8/2024	26.83
Bengaluru	6/9/2024	51.67
Bengaluru	6/10/2024	29.5
Bengaluru	6/11/2024	27.17
Bengaluru	6/12/2024	35.52
Bengaluru	6/13/2024	40.46
Bengaluru	6/14/2024	44.88
Bengaluru	6/15/2024	72.15
Bengaluru	6/16/2024	50.83
Bengaluru	6/17/2024	35.96
Bengaluru	6/18/2024	37.29
Bengaluru	6/19/2024	36.71
Bengaluru	6/20/2024	52.96
Bengaluru	6/21/2024	46.75
Bengaluru	6/22/2024	58.38
Bengaluru	6/23/2024	45.42
Bengaluru	6/24/2024	44.71
Bengaluru	6/25/2024	47.38
Bengaluru	6/26/2024	37.96
Bengaluru	6/27/2024	38.75
Bengaluru	6/28/2024	47
Bengaluru	6/29/2024	43.65
Bengaluru	6/30/2024	34.96
Chennai	1/1/2024	124.79
Chennai	1/2/2024	121.08
Chennai	1/3/2024	168.29
Chennai	1/4/2024	212.54
Chennai	1/5/2024	132.38
Chennai	1/6/2024	152.17
Chennai	1/7/2024	123.83
Chennai	1/8/2024	134.58
Chennai	1/9/2024	127.08
Chennai	1/10/2024	114.91
Chennai	1/11/2024	120.67
Chennai	1/12/2024	113.12
Chennai	1/13/2024	117.21
Chennai	1/14/2024	126.17
Chennai	1/15/2024	133.71
Chennai	1/16/2024	99.58
Chennai	1/17/2024	102.04
Chennai	1/18/2024	99.96
Chennai	1/19/2024	107.33
Chennai	1/20/2024	93.64
Chennai	1/21/2024	102.88
Chennai	1/22/2024	116.21
Chennai	1/23/2024	256.04
Chennai	1/24/2024	337.08
Chennai	1/25/2024	338.35
Chennai	1/26/2024	334.12
Chennai	1/27/2024	314.79
Chennai	1/28/2024	277.12
Chennai	1/29/2024	311.29
Chennai	1/30/2024	327.71
Chennai	1/31/2024	301.08
Chennai	2/1/2024	238
Chennai	2/3/2024	203.05
Chennai	2/4/2024	219.75
Chennai	2/5/2024	204.33
Chennai	2/6/2024	175.75
Chennai	2/7/2024	166.67
Chennai	2/8/2024	167.71
Chennai	2/9/2024	144.71
Chennai	2/10/2024	145.46
Chennai	2/11/2024	161.92
Chennai	2/12/2024	132.22
Chennai	2/15/2024	125.64
Chennai	2/16/2024	131.96
Chennai	2/17/2024	136.79
Chennai	2/18/2024	124.39
Chennai	2/19/2024	127.88
Chennai	2/20/2024	135.17
Chennai	2/21/2024	141.62
Chennai	2/22/2024	132.88
Chennai	2/23/2024	119.25
Chennai	2/24/2024	116.96
Chennai	2/25/2024	113.21
Chennai	2/26/2024	99.95
Chennai	2/27/2024	71.12
Chennai	2/28/2024	62
Chennai	2/29/2024	62.08
Chennai	3/1/2024	84.04
Chennai	3/2/2024	139.21
Chennai	3/3/2024	138.33
Chennai	3/4/2024	103.12
Chennai	3/5/2024	84.46
Chennai	3/6/2024	88.92
Chennai	3/7/2024	98.12
Chennai	3/8/2024	87
Chennai	3/9/2024	84.67
Chennai	3/10/2024	90.71
Chennai	3/11/2024	84.92
Chennai	3/12/2024	73.17
Chennai	3/13/2024	85.61
Chennai	3/14/2024	100.17
Chennai	3/15/2024	120.83
Chennai	3/16/2024	100.04
Chennai	3/17/2024	93.54
Chennai	3/18/2024	97.62
Chennai	3/19/2024	95.62
Chennai	3/20/2024	96.67
Chennai	3/21/2024	91.73
Chennai	3/22/2024	114.29
Chennai	3/23/2024	117.17
Chennai	3/24/2024	93.33
Chennai	3/25/2024	85.38
Chennai	3/26/2024	90.67
Chennai	3/27/2024	89.71
Chennai	3/28/2024	90.92
Chennai	3/29/2024	86.5
Chennai	3/30/2024	83
Chennai	3/31/2024	90.71
Chennai	4/1/2024	87.71
Chennai	4/2/2024	88.08
Chennai	4/3/2024	90.92
Chennai	4/4/2024	99.79
Chennai	4/5/2024	92.58
Chennai	4/6/2024	78.58
Chennai	4/7/2024	83.25
Chennai	4/8/2024	83.79
Chennai	4/9/2024	89.46
Chennai	4/10/2024	88.75
Chennai	4/11/2024	86.79
Chennai	4/12/2024	85.75
Chennai	4/13/2024	90.83
Chennai	4/14/2024	85.71
Chennai	4/15/2024	80.21
Chennai	4/16/2024	77.96
Chennai	4/17/2024	77.75
Chennai	4/18/2024	81.29
Chennai	4/19/2024	77.79
Chennai	4/20/2024	76.38
Chennai	4/21/2024	82.5
Chennai	4/22/2024	80.5
Chennai	4/23/2024	83.46
Chennai	4/24/2024	74.96
Chennai	4/25/2024	73.54
Chennai	4/26/2024	79.83
Chennai	4/27/2024	83.42
Chennai	4/28/2024	87.92
Chennai	4/29/2024	79.42
Chennai	4/30/2024	82.71
Chennai	5/1/2024	88.25
Chennai	5/3/2024	87.26
Chennai	5/4/2024	90.08
Chennai	5/5/2024	92.46
Chennai	5/6/2024	80.38
Chennai	5/7/2024	93.33
Chennai	5/8/2024	96.79
Chennai	5/9/2024	90.12
Chennai	5/10/2024	86.79
Chennai	5/11/2024	83.38
Chennai	5/12/2024	76.83
Chennai	5/13/2024	89.08
Chennai	5/14/2024	90.5
Chennai	5/17/2024	89.15
Chennai	5/18/2024	102.54
Chennai	5/19/2024	66.46
Chennai	5/20/2024	61.67
Chennai	5/21/2024	62.21
Chennai	5/22/2024	62.12
Chennai	5/23/2024	62.48
Chennai	5/24/2024	62.08
Chennai	5/25/2024	62.22
Chennai	5/26/2024	61.57
Chennai	5/27/2024	62.33
Chennai	5/28/2024	73.62
Chennai	5/29/2024	105.42
Chennai	5/30/2024	97.12
Chennai	5/31/2024	69.21
Chennai	6/1/2024	62
Chennai	6/2/2024	62.33
Chennai	6/3/2024	62.42
Chennai	6/4/2024	61.79
Chennai	6/5/2024	62
Chennai	6/6/2024	62.38
Chennai	6/7/2024	62.04
Chennai	6/8/2024	61.88
Chennai	6/9/2024	61.46
Chennai	6/10/2024	61.92
Chennai	6/11/2024	61.92
Chennai	6/12/2024	61.65
Chennai	6/13/2024	62.04
Chennai	6/14/2024	61.75
Chennai	6/15/2024	62
Chennai	6/16/2024	62
Chennai	6/17/2024	61.88
Chennai	6/18/2024	62.25
Chennai	6/19/2024	62.17
Chennai	6/20/2024	62
Chennai	6/21/2024	62.12
Chennai	6/22/2024	61.88
Chennai	6/23/2024	62.42
Chennai	6/24/2024	62
Chennai	6/25/2024	62.17
Chennai	6/26/2024	62.08
Chennai	6/27/2024	62
Chennai	6/28/2024	61.92
Chennai	6/29/2024	62.04
Chennai	6/30/2024	61.88
Delhi	1/1/2024	364.67
Delhi	1/2/2024	369.83
Delhi	1/3/2024	354.75
Delhi	1/4/2024	414.33
Delhi	1/5/2024	389.92
Delhi	1/6/2024	373.08
Delhi	1/7/2024	376.42
Delhi	1/8/2024	394.83
Delhi	1/9/2024	417.88
Delhi	1/10/2024	330.87
Delhi	1/11/2024	369
Delhi	1/12/2024	385.54
Delhi	1/13/2024	431.88
Delhi	1/14/2024	467.57
Delhi	1/15/2024	419.71
Delhi	1/16/2024	409.04
Delhi	1/17/2024	399.58
Delhi	1/18/2024	369
Delhi	1/19/2024	372.08
Delhi	1/20/2024	348.5
Delhi	1/21/2024	385.04
Delhi	1/22/2024	357.5
Delhi	1/23/2024	399.21
Delhi	1/24/2024	413.92
Delhi	1/25/2024	400.91
Delhi	1/26/2024	445.54
Delhi	1/27/2024	416.21
Delhi	1/28/2024	389.46
Delhi	1/29/2024	393.33
Delhi	1/30/2024	405.17
Delhi	1/31/2024	428.21
Delhi	2/1/2024	258.5
Delhi	2/2/2024	187.42
Delhi	2/3/2024	231.54
Delhi	2/4/2024	325.96
Delhi	2/5/2024	224.25
Delhi	2/6/2024	186.04
Delhi	2/7/2024	236.42
Delhi	2/8/2024	177.29
Delhi	2/9/2024	184.38
Delhi	2/10/2024	334.29
Delhi	2/11/2024	348.42
Delhi	2/12/2024	334.26
Delhi	2/13/2024	372.38
Delhi	2/14/2024	395.67
Delhi	2/15/2024	322.83
Delhi	2/16/2024	285.12
Delhi	2/17/2024	323.08
Delhi	2/18/2024	362.52
Delhi	2/19/2024	253.38
Delhi	2/20/2024	227.67
Delhi	2/21/2024	269.46
Delhi	2/22/2024	195.17
Delhi	2/23/2024	166.5
Delhi	2/24/2024	228.88
Delhi	2/25/2024	250.79
Delhi	2/26/2024	230.5
Delhi	2/27/2024	211.62
Delhi	2/28/2024	144.04
Delhi	2/29/2024	146.17
Delhi	3/1/2024	248.96
Delhi	3/2/2024	157.21
Delhi	3/3/2024	106.17
Delhi	3/4/2024	146.58
Delhi	3/5/2024	141.12
Delhi	3/6/2024	130.92
Delhi	3/7/2024	200.08
Delhi	3/8/2024	175.87
Delhi	3/9/2024	139.67
Delhi	3/10/2024	176.04
Delhi	3/11/2024	211.6
Delhi	3/22/2024	221
Delhi	3/23/2024	237
Delhi	3/24/2024	220.46
Delhi	3/25/2024	328.18
Delhi	3/28/2024	177.28
Delhi	3/29/2024	184.82
Delhi	3/30/2024	212.58
Delhi	3/31/2024	312.22
Delhi	4/2/2024	153.64
Delhi	4/3/2024	197
Delhi	4/4/2024	245.54
Delhi	4/5/2024	238.67
Delhi	4/6/2024	203.04
Delhi	4/7/2024	209.58
Delhi	4/8/2024	249.17
Delhi	4/9/2024	296.83
Delhi	4/10/2024	287.38
Delhi	4/11/2024	315.08
Delhi	4/12/2024	332.12
Delhi	4/13/2024	307.18
Delhi	4/17/2024	154.25
Delhi	4/18/2024	185.04
Delhi	4/23/2024	239.19
Delhi	4/24/2024	232.25
Delhi	4/25/2024	230.42
Delhi	4/26/2024	253.74
Delhi	4/27/2024	233
Delhi	4/28/2024	255
Delhi	4/29/2024	321.4
Delhi	4/30/2024	230.21
Delhi	5/1/2024	234.5
Delhi	5/2/2024	196.88
Delhi	5/3/2024	258.83
Delhi	5/4/2024	289.04
Delhi	5/5/2024	369.25
Delhi	5/6/2024	295.54
Delhi	5/7/2024	369.04
Delhi	5/8/2024	298.75
Delhi	5/9/2024	230.59
Delhi	5/11/2024	218.12
Delhi	5/12/2024	220.71
Delhi	5/13/2024	263.21
Delhi	5/14/2024	299.61
Delhi	5/15/2024	335.29
Delhi	5/16/2024	313.62
Delhi	5/17/2024	346.71
Delhi	5/18/2024	367.33
Delhi	5/19/2024	287.53
Delhi	5/20/2024	295.5
Delhi	5/21/2024	286.88
Delhi	5/22/2024	218.42
Delhi	5/23/2024	168.48
Delhi	5/24/2024	147.17
Delhi	5/25/2024	172.22
Delhi	5/26/2024	212.57
Delhi	5/27/2024	289.71
Delhi	5/28/2024	349
Delhi	5/29/2024	339.88
Delhi	5/30/2024	345.12
Delhi	5/31/2024	245.75
Delhi	6/1/2024	308.67
Delhi	6/2/2024	236.05
Delhi	6/4/2024	261.78
Delhi	6/5/2024	355.88
Delhi	6/6/2024	270.67
Delhi	6/7/2024	245.88
Delhi	6/8/2024	287.58
Delhi	6/9/2024	206.88
Delhi	6/10/2024	189.21
Delhi	6/11/2024	249.08
Delhi	6/12/2024	282.26
Delhi	6/13/2024	262.5
Delhi	6/14/2024	290.2
Delhi	6/15/2024	296.69
Delhi	6/16/2024	286.19
Delhi	6/19/2024	280.31
Delhi	6/20/2024	261.5
Delhi	6/21/2024	183.58
Delhi	6/22/2024	231.79
Delhi	6/23/2024	164.25
Delhi	6/24/2024	149.62
Delhi	6/25/2024	143.46
Delhi	6/26/2024	142.67
Hyderabad	1/1/2024	114.58
Hyderabad	1/2/2024	117.5
Hyderabad	1/3/2024	110.38
Hyderabad	1/4/2024	118.5
Hyderabad	1/5/2024	110.29
Hyderabad	1/6/2024	89.33
Hyderabad	1/7/2024	81.43
Hyderabad	1/8/2024	106.43
Hyderabad	1/9/2024	128.25
Hyderabad	1/10/2024	119.52
Hyderabad	1/11/2024	148.92
Hyderabad	1/12/2024	136.12
Hyderabad	1/13/2024	141.38
Hyderabad	1/14/2024	121.13
Hyderabad	1/15/2024	108.12
Hyderabad	1/16/2024	131.79
Hyderabad	1/17/2024	99.12
Hyderabad	1/18/2024	88.92
Hyderabad	1/19/2024	78.5
Hyderabad	1/20/2024	77.86
Hyderabad	1/21/2024	75.79
Hyderabad	1/22/2024	71.79
Hyderabad	1/23/2024	86
Hyderabad	1/24/2024	98.75
Hyderabad	1/25/2024	121.41
Hyderabad	1/26/2024	147.08
Hyderabad	1/27/2024	103.83
Hyderabad	1/28/2024	118.75
Hyderabad	1/29/2024	105.75
Hyderabad	1/30/2024	115
Hyderabad	1/31/2024	104.04
Hyderabad	2/1/2024	94.17
Hyderabad	2/2/2024	115.12
Hyderabad	2/3/2024	94.08
Hyderabad	2/4/2024	98.29
Hyderabad	2/5/2024	90.5
Hyderabad	2/6/2024	101.88
Hyderabad	2/7/2024	108.46
Hyderabad	2/8/2024	119.75
Hyderabad	2/9/2024	121.46
Hyderabad	2/10/2024	94.42
Hyderabad	2/11/2024	82.96
Hyderabad	2/12/2024	78.04
Hyderabad	2/13/2024	62.88
Hyderabad	2/14/2024	61.75
Hyderabad	2/15/2024	70.83
Hyderabad	2/16/2024	74.71
Hyderabad	2/17/2024	84.79
Hyderabad	2/18/2024	70.91
Hyderabad	2/19/2024	80.46
Hyderabad	2/20/2024	95.12
Hyderabad	2/21/2024	110.92
Hyderabad	2/22/2024	119.29
Hyderabad	2/23/2024	110.67
Hyderabad	2/24/2024	113.75
Hyderabad	2/25/2024	85.17
Hyderabad	2/26/2024	69.86
Hyderabad	2/27/2024	62.38
Hyderabad	2/28/2024	67.5
Hyderabad	2/29/2024	78.79
Hyderabad	3/1/2024	89.12
Hyderabad	3/2/2024	97.46
Hyderabad	3/3/2024	104.71
Hyderabad	3/4/2024	95.88
Hyderabad	3/5/2024	100.12
Hyderabad	3/6/2024	96.96
Hyderabad	3/7/2024	108.75
Hyderabad	3/8/2024	109.87
Hyderabad	3/9/2024	96.5
Hyderabad	3/10/2024	92.17
Hyderabad	3/11/2024	77.83
Hyderabad	3/12/2024	102.42
Hyderabad	3/13/2024	117.65
Hyderabad	3/14/2024	121.13
Hyderabad	3/15/2024	112.58
Hyderabad	3/16/2024	91.21
Hyderabad	3/17/2024	74.67
Hyderabad	3/18/2024	60.19
Hyderabad	3/21/2024	66.23
Hyderabad	3/22/2024	83.83
Hyderabad	3/23/2024	100.46
Hyderabad	3/24/2024	101.75
Hyderabad	3/25/2024	86.92
Hyderabad	3/26/2024	77.17
Hyderabad	3/27/2024	90.29
Hyderabad	3/28/2024	86.29
Hyderabad	3/29/2024	99.82
Hyderabad	3/30/2024	100.92
Hyderabad	3/31/2024	104.5
Hyderabad	4/1/2024	91.96
Hyderabad	4/2/2024	102.42
Hyderabad	4/3/2024	105.96
Hyderabad	4/4/2024	104.38
Hyderabad	4/5/2024	106.42
Hyderabad	4/6/2024	122.96
Hyderabad	4/7/2024	120.75
Hyderabad	4/8/2024	111.12
Hyderabad	4/9/2024	86.58
Hyderabad	4/10/2024	58.38
Hyderabad	4/11/2024	70.83
Hyderabad	4/12/2024	58.33
Hyderabad	4/13/2024	50.08
Hyderabad	4/14/2024	65.58
Hyderabad	4/15/2024	67.71
Hyderabad	4/16/2024	86.75
Hyderabad	4/17/2024	104.12
Hyderabad	4/18/2024	110.54
Hyderabad	4/19/2024	115.04
Hyderabad	4/20/2024	105.17
Hyderabad	4/21/2024	106.08
Hyderabad	4/22/2024	88.62
Hyderabad	4/23/2024	85.04
Hyderabad	4/24/2024	103.96
Hyderabad	4/25/2024	105.42
Hyderabad	4/26/2024	89.26
Hyderabad	4/27/2024	92.42
Hyderabad	4/28/2024	91.46
Hyderabad	4/29/2024	85.21
Hyderabad	4/30/2024	98.17
Hyderabad	5/1/2024	102.67
Hyderabad	5/2/2024	115.54
Hyderabad	5/3/2024	125.21
Hyderabad	5/4/2024	117.75
Hyderabad	5/5/2024	114.33
Hyderabad	5/6/2024	98
Hyderabad	5/7/2024	91.33
Hyderabad	5/8/2024	87
Hyderabad	5/9/2024	64
Hyderabad	5/10/2024	63.25
Hyderabad	5/11/2024	75.83
Hyderabad	5/12/2024	62.83
Hyderabad	5/13/2024	43.88
Hyderabad	5/14/2024	48.3
Hyderabad	5/15/2024	60.58
Hyderabad	5/16/2024	70.33
Hyderabad	5/17/2024	42.67
Hyderabad	5/18/2024	38.46
Hyderabad	5/19/2024	49.5
Hyderabad	5/20/2024	43.83
Hyderabad	5/21/2024	68.75
Hyderabad	5/22/2024	51.43
Hyderabad	5/23/2024	73
Hyderabad	5/24/2024	62.29
Hyderabad	5/25/2024	86.52
Hyderabad	5/26/2024	96.04
Hyderabad	5/27/2024	83.71
Hyderabad	5/28/2024	94.46
Hyderabad	5/29/2024	91.29
Hyderabad	5/30/2024	107.54
Hyderabad	5/31/2024	114.67
Hyderabad	6/1/2024	117.08
Hyderabad	6/2/2024	115.92
Hyderabad	6/3/2024	63.21
Hyderabad	6/4/2024	43.75
Hyderabad	6/5/2024	63.62
Hyderabad	6/6/2024	56.21
Hyderabad	6/7/2024	50.12
Hyderabad	6/8/2024	48.38
Hyderabad	6/9/2024	53.38
Hyderabad	6/10/2024	47.79
Hyderabad	6/11/2024	50.21
Hyderabad	6/12/2024	50.83
Hyderabad	6/13/2024	55.17
Hyderabad	6/14/2024	60.75
Hyderabad	6/15/2024	68.88
Hyderabad	6/16/2024	61.5
Hyderabad	6/17/2024	43.79
Hyderabad	6/18/2024	68.25
Hyderabad	6/19/2024	62.88
Hyderabad	6/20/2024	62.17
Hyderabad	6/21/2024	67.38
Hyderabad	6/22/2024	60.04
Hyderabad	6/23/2024	60.75
Hyderabad	6/24/2024	60.67
Hyderabad	6/26/2024	53.18
Hyderabad	6/27/2024	51
Hyderabad	6/28/2024	56
Hyderabad	6/29/2024	53.7
Hyderabad	6/30/2024	48.29
Kolkata	1/1/2024	225.42
Kolkata	1/2/2024	241.67
Kolkata	1/3/2024	200.67
Kolkata	1/4/2024	205.12
Kolkata	1/5/2024	238.88
Kolkata	1/6/2024	250.38
Kolkata	1/7/2024	256.17
Kolkata	1/8/2024	301.5
Kolkata	1/9/2024	278.83
Kolkata	1/10/2024	263.87
Kolkata	1/11/2024	256.96
Kolkata	1/12/2024	231.17
Kolkata	1/13/2024	267.71
Kolkata	1/14/2024	302
Kolkata	1/15/2024	323.5
Kolkata	1/16/2024	301.21
Kolkata	1/17/2024	263.46
Kolkata	1/18/2024	219.04
Kolkata	1/19/2024	217.25
Kolkata	1/20/2024	244.95
Kolkata	1/21/2024	313.71
Kolkata	1/22/2024	315.08
Kolkata	1/23/2024	294.79
Kolkata	1/24/2024	287.67
Kolkata	1/25/2024	232.7
Kolkata	1/26/2024	283.75
Kolkata	1/27/2024	263.46
Kolkata	1/28/2024	237.96
Kolkata	1/29/2024	246.08
Kolkata	1/30/2024	193.62
Kolkata	1/31/2024	102.21
Kolkata	2/1/2024	101.71
Kolkata	2/2/2024	110.71
Kolkata	2/3/2024	136.46
Kolkata	2/4/2024	171.38
Kolkata	2/5/2024	151.92
Kolkata	2/6/2024	130.62
Kolkata	2/7/2024	130.21
Kolkata	2/8/2024	108.83
Kolkata	2/9/2024	105
Kolkata	2/10/2024	139.04
Kolkata	2/11/2024	222.17
Kolkata	2/12/2024	226.35
Kolkata	2/13/2024	222.67
Kolkata	2/14/2024	245.04
Kolkata	2/15/2024	214.79
Kolkata	2/16/2024	188.46
Kolkata	2/17/2024	218.88
Kolkata	2/18/2024	160.78
Kolkata	2/19/2024	101.46
Kolkata	2/20/2024	82.54
Kolkata	2/21/2024	75.88
Kolkata	2/22/2024	119.04
Kolkata	2/23/2024	115.79
Kolkata	2/24/2024	92.54
Kolkata	2/25/2024	103.33
Kolkata	2/26/2024	85.05
Kolkata	2/27/2024	109.5
Kolkata	2/28/2024	142.21
Kolkata	2/29/2024	169.38
Kolkata	3/1/2024	134.75
Kolkata	3/2/2024	132.29
Kolkata	3/3/2024	124.75
Kolkata	3/4/2024	114.71
Kolkata	3/5/2024	100.21
Kolkata	3/6/2024	106.5
Kolkata	3/7/2024	115.83
Kolkata	3/8/2024	128.3
Kolkata	3/9/2024	124.58
Kolkata	3/10/2024	151.54
Kolkata	3/11/2024	125.44
Kolkata	3/12/2024	104.29
Kolkata	3/13/2024	96.26
Kolkata	3/14/2024	72.48
Kolkata	3/15/2024	85.21
Kolkata	3/16/2024	74.5
Kolkata	3/17/2024	69.29
Kolkata	3/18/2024	89.21
Kolkata	3/19/2024	101.04
Kolkata	3/20/2024	60.08
Kolkata	3/21/2024	43.55
Kolkata	3/22/2024	78
Kolkata	3/23/2024	105.5
Kolkata	3/24/2024	65.33
Kolkata	3/25/2024	56.75
Kolkata	3/26/2024	47.79
Kolkata	3/27/2024	52.38
Kolkata	3/28/2024	62.71
Kolkata	3/29/2024	82.18
Kolkata	3/30/2024	66.08
Kolkata	3/31/2024	70
Kolkata	4/1/2024	75.25
Kolkata	4/2/2024	88.5
Kolkata	4/3/2024	101.08
Kolkata	4/4/2024	77.96
Kolkata	4/5/2024	68.46
Kolkata	4/6/2024	98.71
Kolkata	4/7/2024	76.33
Kolkata	4/8/2024	71.83
Kolkata	4/9/2024	74.12
Kolkata	4/10/2024	112.12
Kolkata	4/11/2024	147.17
Kolkata	4/12/2024	107.38
Kolkata	4/13/2024	96.25
Kolkata	4/14/2024	93.42
Kolkata	4/15/2024	81.92
Kolkata	4/16/2024	79.21
Kolkata	4/17/2024	87.17
Kolkata	4/18/2024	92.5
Kolkata	4/19/2024	96.67
Kolkata	4/20/2024	82.96
Kolkata	4/21/2024	65.96
Kolkata	4/22/2024	79.38
Kolkata	4/23/2024	98.83
Kolkata	4/24/2024	91.88
Kolkata	4/25/2024	104.29
Kolkata	4/26/2024	90.61
Kolkata	4/27/2024	104.92
Kolkata	4/28/2024	96.25
Kolkata	4/29/2024	116.54
Kolkata	4/30/2024	121.12
Kolkata	5/1/2024	119.83
Kolkata	5/2/2024	112.46
Kolkata	5/3/2024	91.25
Kolkata	5/4/2024	80.67
Kolkata	5/5/2024	55.83
Kolkata	5/6/2024	56.88
Kolkata	5/7/2024	61.71
Kolkata	5/8/2024	56.67
Kolkata	5/9/2024	47.25
Kolkata	5/10/2024	47.79
Kolkata	5/11/2024	39.67
Kolkata	5/12/2024	47.92
Kolkata	5/13/2024	54.88
Kolkata	5/14/2024	51.3
Kolkata	5/15/2024	45.33
Kolkata	5/16/2024	44.08
Kolkata	5/17/2024	41.46
Kolkata	5/18/2024	51.58
Kolkata	5/19/2024	56.08
Kolkata	5/20/2024	41
Kolkata	5/21/2024	34.67
Kolkata	5/22/2024	35.38
Kolkata	5/23/2024	40.57
Kolkata	5/24/2024	45.38
Kolkata	5/25/2024	54.65
Kolkata	5/26/2024	49.65
Kolkata	5/27/2024	49.36
Kolkata	5/29/2024	85.81
Kolkata	5/30/2024	77.21
Kolkata	5/31/2024	55.96
Kolkata	6/1/2024	49.88
Kolkata	6/2/2024	49.21
Kolkata	6/3/2024	56.88
Kolkata	6/4/2024	51.04
Kolkata	6/5/2024	63.38
Kolkata	6/6/2024	66.71
Kolkata	6/7/2024	68.38
Kolkata	6/8/2024	57.83
Kolkata	6/9/2024	58.83
Kolkata	6/10/2024	62.08
Kolkata	6/11/2024	53.25
Kolkata	6/12/2024	45.26
Kolkata	6/13/2024	49.08
Kolkata	6/14/2024	59.42
Kolkata	6/15/2024	66.54
Kolkata	6/16/2024	54.67
Kolkata	6/17/2024	49.88
Kolkata	6/18/2024	54.29
Kolkata	6/19/2024	57.33
Kolkata	6/20/2024	45.71
Kolkata	6/21/2024	37.67
Kolkata	6/22/2024	38.54
Kolkata	6/23/2024	26.12
Kolkata	6/24/2024	28.38
Kolkata	6/25/2024	38.62
Kolkata	6/26/2024	34.17
Kolkata	6/27/2024	28.12
Kolkata	6/28/2024	24.83
Kolkata	6/29/2024	23.13
Kolkata	6/30/2024	33.71
Lucknow	1/1/2024	97.58
Lucknow	1/2/2024	138.58
Lucknow	1/3/2024	99
Lucknow	1/4/2024	180.46
Lucknow	1/5/2024	88.62
Lucknow	1/6/2024	87.58
Lucknow	1/7/2024	125.75
Lucknow	1/8/2024	88.08
Lucknow	1/9/2024	95
Lucknow	1/10/2024	97.43
Lucknow	1/11/2024	96.25
Lucknow	1/12/2024	145.75
Lucknow	1/13/2024	154.46
Lucknow	1/14/2024	233.7
Lucknow	1/15/2024	164.08
Lucknow	1/16/2024	81.67
Lucknow	1/17/2024	85.25
Lucknow	1/18/2024	90.71
Lucknow	1/19/2024	95.88
Lucknow	1/20/2024	89.5
Lucknow	1/21/2024	103.25
Lucknow	1/22/2024	114.88
Lucknow	1/23/2024	269.92
Lucknow	1/24/2024	135.5
Lucknow	1/25/2024	150.09
Lucknow	1/26/2024	189.92
Lucknow	1/27/2024	185.38
Lucknow	1/28/2024	134.58
Lucknow	1/29/2024	158.71
Lucknow	1/30/2024	221.12
Lucknow	1/31/2024	203.17
Lucknow	2/1/2024	142.08
Lucknow	2/2/2024	116.11
Lucknow	2/3/2024	63.5
Lucknow	2/5/2024	59.33
Lucknow	2/6/2024	60.21
Lucknow	2/7/2024	79.92
Lucknow	2/8/2024	82.21
Lucknow	2/9/2024	86.5
Lucknow	2/10/2024	151.29
Lucknow	2/11/2024	140.67
Lucknow	2/12/2024	122.91
Lucknow	2/13/2024	111.25
Lucknow	2/14/2024	110.25
Lucknow	2/15/2024	128.46
Lucknow	2/16/2024	129.96
Lucknow	2/17/2024	129.08
Lucknow	2/18/2024	135.04
Lucknow	2/19/2024	106.88
Lucknow	2/20/2024	101.04
Lucknow	2/21/2024	82.83
Lucknow	2/22/2024	90.17
Lucknow	2/23/2024	84.54
Lucknow	2/24/2024	95.04
Lucknow	2/25/2024	102.29
Lucknow	2/26/2024	87.64
Lucknow	2/27/2024	104.75
Lucknow	2/28/2024	99.12
Lucknow	2/29/2024	103.62
Lucknow	3/1/2024	100.46
Lucknow	3/2/2024	85.79
Lucknow	3/3/2024	57.5
Lucknow	3/4/2024	39.46
Lucknow	3/5/2024	61.17
Lucknow	3/6/2024	72.08
Lucknow	3/7/2024	84.75
Lucknow	3/8/2024	85.3
Lucknow	3/9/2024	76.79
Lucknow	3/10/2024	86.54
Lucknow	3/11/2024	98.62
Lucknow	3/12/2024	99.79
Lucknow	3/13/2024	99.17
Lucknow	3/14/2024	95.09
Lucknow	3/15/2024	84.21
Lucknow	3/16/2024	103.92
Lucknow	3/17/2024	124.46
Lucknow	3/18/2024	154.5
Lucknow	3/19/2024	162.08
Lucknow	3/20/2024	170.96
Lucknow	3/21/2024	110.32
Lucknow	3/22/2024	117.42
Lucknow	3/23/2024	127.5
Lucknow	3/24/2024	124.29
Lucknow	3/25/2024	179.88
Lucknow	3/26/2024	122.29
Lucknow	3/27/2024	103.21
Lucknow	3/28/2024	134.79
Lucknow	3/29/2024	164.59
Lucknow	3/30/2024	190.75
Lucknow	3/31/2024	148.92
Lucknow	4/1/2024	125.5
Lucknow	4/2/2024	112.33
Lucknow	4/3/2024	111.79
Lucknow	4/4/2024	114.12
Lucknow	4/5/2024	118.46
Lucknow	4/6/2024	104.75
Lucknow	4/7/2024	92.25
Lucknow	4/8/2024	83.46
Lucknow	4/9/2024	112.12
Lucknow	4/10/2024	102.62
Lucknow	4/11/2024	91.88
Lucknow	4/12/2024	105.5
Lucknow	4/13/2024	101.25
Lucknow	4/14/2024	94.54
Lucknow	4/15/2024	106.96
Lucknow	4/16/2024	119.75
Lucknow	4/17/2024	128.58
Lucknow	4/18/2024	151.5
Lucknow	4/19/2024	147.04
Lucknow	4/20/2024	141.92
Lucknow	4/21/2024	166.5
Lucknow	4/22/2024	130.83
Lucknow	4/23/2024	106.17
Lucknow	4/24/2024	121.12
Lucknow	4/25/2024	115.67
Lucknow	4/26/2024	127.13
Lucknow	4/27/2024	111.67
Lucknow	4/28/2024	133.17
Lucknow	4/29/2024	135.54
Lucknow	4/30/2024	156.29
Lucknow	5/1/2024	153.92
Lucknow	5/2/2024	151.17
Lucknow	5/3/2024	145.5
Lucknow	5/4/2024	177.5
Lucknow	5/5/2024	191.62
Lucknow	5/6/2024	156.29
Lucknow	5/7/2024	138.38
Lucknow	5/8/2024	85.75
Lucknow	5/9/2024	64.42
Lucknow	5/10/2024	77
Lucknow	5/11/2024	98
Lucknow	5/12/2024	83.25
Lucknow	5/13/2024	88.21
Lucknow	5/14/2024	105.09
Lucknow	5/15/2024	118.67
Lucknow	5/16/2024	114.54
Lucknow	5/17/2024	146.12
Lucknow	5/18/2024	148.75
Lucknow	5/19/2024	137.38
Lucknow	5/20/2024	129.83
Lucknow	5/21/2024	119
Lucknow	5/22/2024	79.08
Lucknow	5/23/2024	76.74
Lucknow	5/24/2024	73.38
Lucknow	5/25/2024	87.87
Lucknow	5/26/2024	88.78
Lucknow	5/27/2024	96.92
Lucknow	5/28/2024	96.54
Lucknow	5/29/2024	106.12
Lucknow	5/30/2024	151.83
Lucknow	5/31/2024	149.96
Lucknow	6/1/2024	119.83
Lucknow	6/2/2024	119.88
Lucknow	6/3/2024	112.62
Lucknow	6/4/2024	152.25
Lucknow	6/5/2024	121.71
Lucknow	6/6/2024	88
Lucknow	6/7/2024	110.21
Lucknow	6/8/2024	134.88
Lucknow	6/9/2024	128.17
Lucknow	6/10/2024	90.29
Lucknow	6/11/2024	101.92
Lucknow	6/12/2024	116.43
Lucknow	6/13/2024	122
Lucknow	6/14/2024	125.42
Lucknow	6/15/2024	130.21
Lucknow	6/16/2024	136.42
Lucknow	6/17/2024	133.17
Lucknow	6/18/2024	125.33
Lucknow	6/19/2024	131.54
Lucknow	6/20/2024	98.33
Lucknow	6/21/2024	68.5
Lucknow	6/22/2024	65.21
Lucknow	6/23/2024	60.75
Lucknow	6/24/2024	74.54
Lucknow	6/25/2024	98.29
Lucknow	6/26/2024	114.96
Lucknow	6/27/2024	70.04
Lucknow	6/28/2024	69.71
Lucknow	6/29/2024	96.13
Lucknow	6/30/2024	121.29
Mumbai	1/2/2024	162.16
Mumbai	1/3/2024	130
Mumbai	1/4/2024	145.38
Mumbai	1/5/2024	172.25
Mumbai	1/6/2024	209.79
Mumbai	1/7/2024	170.42
Mumbai	1/8/2024	111.52
Mumbai	1/9/2024	103.04
Mumbai	1/10/2024	86.87
Mumbai	1/11/2024	134.46
Mumbai	1/12/2024	175.25
Mumbai	1/13/2024	148.96
Mumbai	1/14/2024	139.83
Mumbai	1/15/2024	107.33
Mumbai	1/16/2024	100.42
Mumbai	1/17/2024	153.42
Mumbai	1/18/2024	161.83
Mumbai	1/19/2024	130.08
Mumbai	1/20/2024	209.73
Mumbai	1/21/2024	163.36
Mumbai	1/23/2024	139.38
Mumbai	1/24/2024	132.08
Mumbai	1/25/2024	120.13
Mumbai	1/26/2024	148.08
Mumbai	1/27/2024	99.25
Mumbai	1/28/2024	156
Mumbai	1/29/2024	130.79
Mumbai	1/30/2024	140.21
Mumbai	1/31/2024	131.75
Mumbai	2/1/2024	108.25
Mumbai	2/2/2024	97.75
Mumbai	2/3/2024	152.58
Mumbai	2/4/2024	228.22
Mumbai	2/5/2024	253.29
Mumbai	2/6/2024	153.96
Mumbai	2/7/2024	137.42
Mumbai	2/8/2024	145.21
Mumbai	2/9/2024	153.46
Mumbai	2/10/2024	149.42
Mumbai	2/11/2024	158.04
Mumbai	2/12/2024	146.45
Mumbai	2/13/2024	160.04
Mumbai	2/14/2024	148.42
Mumbai	2/15/2024	180.45
Mumbai	2/18/2024	182.1
Mumbai	2/19/2024	143.79
Mumbai	2/20/2024	143.54
Mumbai	2/21/2024	99.71
Mumbai	2/22/2024	94.58
Mumbai	2/23/2024	125.21
Mumbai	2/24/2024	167.12
Mumbai	2/25/2024	199.33
Mumbai	2/26/2024	211.55
Mumbai	2/27/2024	199.38
Mumbai	2/28/2024	178
Mumbai	2/29/2024	197.71
Mumbai	3/1/2024	139.08
Mumbai	3/2/2024	95.38
Mumbai	3/3/2024	58
Mumbai	3/4/2024	57.25
Mumbai	3/5/2024	121.71
Mumbai	3/6/2024	174.62
Mumbai	3/7/2024	136.21
Mumbai	3/8/2024	159.13
Mumbai	3/9/2024	166.46
Mumbai	3/10/2024	142.62
Mumbai	3/11/2024	113.52
Mumbai	3/12/2024	129.1
Mumbai	3/13/2024	101.91
Mumbai	3/14/2024	78.96
Mumbai	3/15/2024	119.38
Mumbai	3/16/2024	159.58
Mumbai	3/17/2024	142.21
Mumbai	3/18/2024	126.79
Mumbai	3/19/2024	140.08
Mumbai	3/20/2024	163.92
Mumbai	3/21/2024	165.24
Mumbai	3/22/2024	181.17
Mumbai	3/23/2024	136.58
Mumbai	3/24/2024	109.04
Mumbai	3/25/2024	96.43
Mumbai	3/26/2024	83
Mumbai	3/27/2024	102.67
Mumbai	3/28/2024	103.33
Mumbai	3/29/2024	109.1
Mumbai	3/30/2024	120.88
Mumbai	3/31/2024	117.04
Mumbai	4/1/2024	116.12
Mumbai	4/2/2024	178.42
Mumbai	4/3/2024	166.83
Mumbai	4/4/2024	113.58
Mumbai	4/5/2024	91.54
Mumbai	4/6/2024	112.96
Mumbai	4/7/2024	138
Mumbai	4/9/2024	102.11
Mumbai	4/11/2024	97.26
Mumbai	4/12/2024	90.96
Mumbai	4/13/2024	88.1
Mumbai	4/14/2024	88.39
Mumbai	4/15/2024	90
Mumbai	4/16/2024	145.57
Mumbai	4/17/2024	137.71
Mumbai	4/18/2024	108.58
Mumbai	4/19/2024	104.04
Mumbai	4/20/2024	95.8
Mumbai	4/21/2024	105.81
Mumbai	4/22/2024	77.04
Mumbai	4/23/2024	96
Mumbai	4/24/2024	103.56
Mumbai	4/25/2024	92.46
Mumbai	4/26/2024	77.78
Mumbai	4/27/2024	92.67
Mumbai	4/28/2024	137.05
Mumbai	4/29/2024	112.29
Mumbai	4/30/2024	122.2
Mumbai	5/1/2024	113.54
Mumbai	5/2/2024	97.12
Mumbai	5/3/2024	128.62
Mumbai	5/4/2024	102.54
Mumbai	5/5/2024	84.42
Mumbai	5/6/2024	68.82
Mumbai	5/7/2024	66.73
Mumbai	5/8/2024	78.21
Mumbai	5/9/2024	72.62
Mumbai	5/10/2024	69.09
Mumbai	5/11/2024	82.25
Mumbai	5/12/2024	82.08
Mumbai	5/13/2024	74.17
Mumbai	5/14/2024	156.87
Mumbai	5/15/2024	179.73
Mumbai	5/16/2024	113.83
Mumbai	5/17/2024	126.09
Mumbai	5/18/2024	106.29
Mumbai	5/19/2024	97.42
Mumbai	5/20/2024	80.38
Mumbai	5/21/2024	74.12
Mumbai	5/22/2024	86.3
Mumbai	5/25/2024	85.4
Mumbai	5/26/2024	85.87
Mumbai	5/27/2024	79.71
Mumbai	5/28/2024	86.04
Mumbai	5/29/2024	102.96
Mumbai	5/30/2024	108.42
Mumbai	5/31/2024	91.67
Mumbai	6/1/2024	80.05
Mumbai	6/2/2024	80.83
Mumbai	6/3/2024	77.42
Mumbai	6/4/2024	101.88
Mumbai	6/5/2024	90.5
Mumbai	6/6/2024	65.08
Mumbai	6/7/2024	78.38
Mumbai	6/8/2024	89.58
Mumbai	6/9/2024	73.17
Mumbai	6/10/2024	55.25
Mumbai	6/11/2024	48.96
Mumbai	6/12/2024	76.7
Mumbai	6/13/2024	83.67
Mumbai	6/14/2024	65.83
Mumbai	6/15/2024	71.58
Mumbai	6/16/2024	71.83
Mumbai	6/17/2024	76.58
Mumbai	6/18/2024	79.17
Mumbai	6/19/2024	55.75
Mumbai	6/20/2024	55.46
Mumbai	6/21/2024	63.5
Mumbai	6/22/2024	73.62
Mumbai	6/23/2024	84.38
Mumbai	6/24/2024	62.5
Mumbai	6/25/2024	72.04
Mumbai	6/26/2024	68.33
Mumbai	6/27/2024	39.12
Mumbai	6/28/2024	37.71
Mumbai	6/29/2024	43.75
Mumbai	6/30/2024	52.62
Patna	1/1/2024	269.62
Patna	1/2/2024	289
Patna	1/3/2024	417.5
Patna	1/4/2024	393.12
Patna	1/5/2024	376.79
Patna	1/6/2024	373.5
Patna	1/7/2024	349.64
Patna	1/8/2024	323.46
Patna	1/9/2024	326.62
Patna	1/10/2024	323.58
Patna	1/11/2024	297.4
Patna	1/12/2024	331.58
Patna	1/13/2024	359.62
Patna	1/14/2024	340.3
Patna	1/16/2024	359.95
Patna	1/17/2024	342.17
Patna	1/18/2024	365.83
Patna	1/19/2024	340.04
Patna	1/20/2024	341
Patna	1/21/2024	358.09
Patna	1/23/2024	365.24
Patna	1/24/2024	342.75
Patna	1/25/2024	318
Patna	1/26/2024	377
Patna	1/27/2024	351.71
Patna	1/28/2024	349.33
Patna	1/29/2024	387.62
Patna	1/30/2024	401.79
Patna	1/31/2024	406.08
Patna	2/1/2024	357.17
Patna	2/2/2024	335.71
Patna	2/3/2024	247.92
Patna	2/4/2024	147.62
Patna	2/5/2024	185.79
Patna	2/6/2024	123.96
Patna	2/7/2024	99.17
Patna	2/8/2024	117.92
Patna	2/9/2024	127.17
Patna	2/10/2024	178
Patna	2/11/2024	245.79
Patna	2/12/2024	292.43
Patna	2/13/2024	304.71
Patna	2/14/2024	231.29
Patna	2/15/2024	182.46
Patna	2/16/2024	117.21
Patna	2/17/2024	136.08
Patna	2/18/2024	179.52
Patna	2/19/2024	266.83
Patna	2/20/2024	256.92
Patna	2/21/2024	177.67
Patna	2/22/2024	127.96
Patna	2/23/2024	134.08
Patna	2/24/2024	160.08
Patna	2/25/2024	204.38
Patna	2/26/2024	210.64
Patna	2/27/2024	219.25
Patna	2/28/2024	157.38
Patna	2/29/2024	122.42
Patna	3/1/2024	141.75
Patna	3/2/2024	187.96
Patna	3/3/2024	171
Patna	3/4/2024	103.59
Patna	3/5/2024	117.33
Patna	3/6/2024	118.46
Patna	3/7/2024	130
Patna	3/8/2024	120.26
Patna	3/9/2024	111.83
Patna	3/10/2024	127.17
Patna	3/11/2024	157.33
Patna	3/12/2024	154.04
Patna	3/13/2024	133.04
Patna	3/14/2024	149.39
Patna	3/15/2024	149.92
Patna	3/16/2024	168.38
Patna	3/17/2024	196.71
Patna	3/18/2024	222.08
Patna	3/19/2024	217.25
Patna	3/20/2024	111.71
Patna	3/21/2024	52.05
Patna	3/22/2024	124.54
Patna	3/23/2024	176.38
Patna	3/24/2024	148.79
Patna	3/25/2024	195.88
Patna	3/26/2024	207.08
Patna	3/27/2024	102.92
Patna	3/28/2024	93.08
Patna	3/29/2024	107.77
Patna	3/30/2024	129.17
Patna	3/31/2024	132.79
Patna	4/1/2024	126.04
Patna	4/2/2024	148.71
Patna	4/3/2024	131.86
Patna	4/6/2024	147.62
Patna	4/7/2024	136
Patna	4/8/2024	103.83
Patna	4/9/2024	110.25
Patna	4/10/2024	159.08
Patna	4/11/2024	176.5
Patna	4/12/2024	159.83
Patna	4/13/2024	190.12
Patna	4/14/2024	206.04
Patna	4/15/2024	218.12
Patna	4/16/2024	159.75
Patna	4/17/2024	199.88
Patna	4/18/2024	271.54
Patna	4/19/2024	225.04
Patna	4/20/2024	176.21
Patna	4/21/2024	156.62
Patna	4/22/2024	170.96
Patna	4/23/2024	124.21
Patna	4/24/2024	122.42
Patna	4/25/2024	151.54
Patna	4/26/2024	176.48
Patna	4/27/2024	142.88
Patna	4/28/2024	124.12
Patna	4/29/2024	157.08
Patna	4/30/2024	173.79
Patna	5/1/2024	250.12
Patna	5/2/2024	245.46
Patna	5/3/2024	178.25
Patna	5/4/2024	254.67
Patna	5/5/2024	313.04
Patna	5/6/2024	213.21
Patna	5/7/2024	135.17
Patna	5/8/2024	121.5
Patna	5/9/2024	94
Patna	5/10/2024	145.58
Patna	5/11/2024	118.38
Patna	5/12/2024	108.83
Patna	5/13/2024	88.04
Patna	5/14/2024	123.7
Patna	5/15/2024	187.79
Patna	5/16/2024	180.04
Patna	5/17/2024	191.29
Patna	5/18/2024	269.96
Patna	5/19/2024	184.17
Patna	5/20/2024	158.79
Patna	5/21/2024	112.58
Patna	5/22/2024	95.79
Patna	5/23/2024	79.26
Patna	5/24/2024	86.08
Patna	5/25/2024	99.65
Patna	5/26/2024	108.65
Patna	5/27/2024	89.54
Patna	5/28/2024	75.08
Patna	5/29/2024	110.67
Patna	5/30/2024	153.96
Patna	5/31/2024	123.42
Patna	6/1/2024	87.04
Patna	6/2/2024	99.46
Patna	6/3/2024	94.79
Patna	6/4/2024	158.12
Patna	6/5/2024	114.21
Patna	6/6/2024	132.12
Patna	6/7/2024	141
Patna	6/8/2024	173.54
Patna	6/9/2024	243.33
Patna	6/10/2024	228.75
Patna	6/11/2024	154.54
Patna	6/12/2024	142.22
Patna	6/13/2024	227.38
Patna	6/14/2024	196.17
Patna	6/15/2024	127.96
Patna	6/16/2024	146.83
Patna	6/17/2024	158.57
Patna	6/18/2024	129.48
Patna	6/19/2024	133.12
Patna	6/20/2024	92.08
Patna	6/21/2024	65.79
Patna	6/22/2024	86.21
Patna	6/23/2024	103.96
Patna	6/24/2024	93.42
Patna	6/25/2024	87.5
Patna	6/26/2024	89.88
Patna	6/27/2024	101.58
Patna	6/28/2024	79.92
Patna	6/29/2024	69.52
Patna	6/30/2024	52.79
Puducherry	1/1/2024	97.58
Puducherry	1/2/2024	94.96
Puducherry	1/3/2024	82.75
Puducherry	1/4/2024	78.67
Puducherry	1/5/2024	62.48
Puducherry	1/6/2024	59.75
Puducherry	1/7/2024	45.94
Puducherry	1/8/2024	59.67
Puducherry	1/9/2024	55.08
Puducherry	1/10/2024	61.39
Puducherry	1/11/2024	67.21
Puducherry	1/12/2024	75.17
Puducherry	1/13/2024	93.96
Puducherry	1/14/2024	225.78
Puducherry	1/15/2024	205.79
Puducherry	1/16/2024	110.12
Puducherry	1/17/2024	61.71
Puducherry	1/18/2024	48.21
Puducherry	1/19/2024	49.79
Puducherry	1/20/2024	51.73
Puducherry	1/21/2024	48.25
Puducherry	1/22/2024	50.92
Puducherry	1/23/2024	55.54
Puducherry	1/24/2024	64.58
Puducherry	1/25/2024	78.43
Puducherry	1/26/2024	59.62
Puducherry	1/27/2024	52.83
Puducherry	1/28/2024	49.29
Puducherry	1/29/2024	66.29
Puducherry	1/30/2024	60.14
Puducherry	2/1/2024	37.52
Puducherry	2/2/2024	32.79
Puducherry	2/3/2024	31.5
Puducherry	2/4/2024	34.17
Puducherry	2/5/2024	29.67
Puducherry	2/6/2024	50.33
Puducherry	2/7/2024	72.96
Puducherry	2/8/2024	74.54
Puducherry	2/9/2024	58
Puducherry	2/10/2024	57.04
Puducherry	2/11/2024	79.04
Puducherry	2/12/2024	68.26
Puducherry	2/13/2024	45.17
Puducherry	2/14/2024	44.17
Puducherry	2/15/2024	53.21
Puducherry	2/16/2024	59.71
Puducherry	2/17/2024	55.88
Puducherry	2/18/2024	54.78
Puducherry	2/19/2024	56.58
Puducherry	2/20/2024	67.33
Puducherry	2/21/2024	72.75
Puducherry	2/22/2024	69.33
Puducherry	2/23/2024	62.83
Puducherry	2/24/2024	50.46
Puducherry	2/25/2024	40.42
Puducherry	2/26/2024	41.59
Puducherry	2/27/2024	45.62
Puducherry	2/28/2024	49.38
Puducherry	2/29/2024	50.42
Puducherry	3/1/2024	57.04
Puducherry	3/2/2024	75.79
Puducherry	3/3/2024	64.96
Puducherry	3/4/2024	87.58
Puducherry	3/5/2024	88.5
Puducherry	3/6/2024	75
Puducherry	3/7/2024	84.62
Puducherry	3/8/2024	61.22
Puducherry	3/9/2024	62.96
Puducherry	3/10/2024	55.04
Puducherry	3/11/2024	58.25
Puducherry	3/12/2024	57.54
Puducherry	3/13/2024	59.61
Puducherry	3/14/2024	61.35
Puducherry	3/15/2024	59.38
Puducherry	3/16/2024	46.29
Puducherry	3/17/2024	28
Puducherry	3/18/2024	28.92
Puducherry	3/19/2024	44.12
Puducherry	3/20/2024	67.33
Puducherry	3/21/2024	45.23
Puducherry	3/22/2024	35.83
Puducherry	3/23/2024	43.54
Puducherry	3/24/2024	45.38
Puducherry	3/25/2024	36.29
Puducherry	3/26/2024	32.17
Puducherry	3/27/2024	41.54
Puducherry	3/28/2024	40.46
Puducherry	3/29/2024	34.36
Puducherry	3/30/2024	36.04
Puducherry	3/31/2024	33.38
Puducherry	4/1/2024	35.29
Puducherry	4/2/2024	29.96
Puducherry	4/3/2024	27.29
Puducherry	4/4/2024	25.62
Puducherry	4/5/2024	39.75
Puducherry	4/6/2024	27.54
Puducherry	4/7/2024	29.04
Puducherry	4/8/2024	29.88
Puducherry	4/9/2024	41.5
Puducherry	4/10/2024	63.75
Puducherry	4/11/2024	52
Puducherry	4/12/2024	32.38
Puducherry	4/13/2024	27.79
Puducherry	4/14/2024	35.67
Puducherry	4/15/2024	38.58
Puducherry	4/16/2024	37.92
Puducherry	4/17/2024	33.71
Puducherry	4/18/2024	26.25
Puducherry	4/19/2024	36.17
Puducherry	4/20/2024	36.38
Puducherry	4/21/2024	42.46
Puducherry	4/22/2024	40.38
Puducherry	4/23/2024	33.21
Puducherry	4/24/2024	26.75
Puducherry	4/25/2024	33.21
Puducherry	4/26/2024	31.22
Puducherry	4/27/2024	52.96
Puducherry	4/28/2024	41.88
Puducherry	4/29/2024	27.12
Puducherry	4/30/2024	26.67
Puducherry	5/1/2024	35.71
Puducherry	5/2/2024	47.21
Puducherry	5/3/2024	51.17
Puducherry	5/4/2024	54.42
Puducherry	5/5/2024	54.71
Puducherry	5/6/2024	65.38
Puducherry	5/7/2024	46
Puducherry	5/8/2024	50.08
Puducherry	5/9/2024	46.42
Puducherry	5/10/2024	43.88
Puducherry	5/11/2024	44.5
Puducherry	5/12/2024	35.79
Puducherry	5/13/2024	33.5
Puducherry	5/14/2024	32.7
Puducherry	5/15/2024	33.62
Puducherry	5/16/2024	30.58
Puducherry	5/17/2024	30.12
Puducherry	5/18/2024	32.12
Puducherry	5/19/2024	35.08
Puducherry	5/20/2024	36.25
Puducherry	5/21/2024	37.08
Puducherry	5/22/2024	47.04
Puducherry	5/23/2024	38.65
Puducherry	5/24/2024	51.17
Puducherry	5/25/2024	64.52
Puducherry	5/26/2024	64.48
Puducherry	5/27/2024	64.62
Puducherry	5/28/2024	62.29
Puducherry	5/29/2024	63.62
Puducherry	5/30/2024	56.29
Puducherry	5/31/2024	59.79
Puducherry	6/1/2024	58.38
Puducherry	6/2/2024	56.71
Puducherry	6/8/2024	50
Puducherry	6/9/2024	44.46
Puducherry	6/10/2024	45.75
Puducherry	6/11/2024	50.25
Puducherry	6/12/2024	43.41
Puducherry	6/13/2024	50.08
Puducherry	6/14/2024	51.38
Puducherry	6/15/2024	54.08
Puducherry	6/16/2024	55.79
Puducherry	6/17/2024	55.29
Puducherry	6/18/2024	49.46
Puducherry	6/19/2024	49.71
Puducherry	6/20/2024	43.46
Puducherry	6/21/2024	48.08
Puducherry	6/22/2024	51.17
Puducherry	6/23/2024	51.96
Puducherry	6/24/2024	50.12
Puducherry	6/25/2024	46.46
Puducherry	6/26/2024	40.75
Puducherry	6/27/2024	43.67
Puducherry	6/28/2024	40.62
Puducherry	6/29/2024	45.65
Puducherry	6/30/2024	48.79
Guwahati	1/1/2024	242.375
Guwahati	1/2/2024	230.7083333
Guwahati	1/3/2024	195.6666667
Guwahati	1/4/2024	199.9166667
Guwahati	1/5/2024	224.375
Guwahati	1/6/2024	
Guwahati	1/7/2024	256.9230769
Guwahati	1/8/2024	208.25
Guwahati	1/9/2024	266.6521739
Guwahati	1/10/2024	
Guwahati	1/11/2024	
Guwahati	1/12/2024	320.7777778
Guwahati	1/13/2024	318.3333333
Guwahati	1/14/2024	
Guwahati	1/15/2024	
Guwahati	1/16/2024	
Guwahati	1/17/2024	252.0526316
Guwahati	1/18/2024	284.7916667
Guwahati	1/19/2024	301.25
Guwahati	1/20/2024	293.5454545
Guwahati	1/21/2024	280
Guwahati	1/22/2024	
Guwahati	1/23/2024	
Guwahati	1/24/2024	291.0434783
Guwahati	1/25/2024	311.6086957
Guwahati	1/26/2024	318.6
Guwahati	1/27/2024	
Guwahati	1/28/2024	
Guwahati	1/29/2024	
Guwahati	1/30/2024	242.3913043
Guwahati	1/31/2024	264.625
Thiruvananthapuram	6/1/2024	60
Thiruvananthapuram	6/2/2024	61.16666667
Thiruvananthapuram	6/3/2024	60.95833333
Thiruvananthapuram	6/4/2024	60.70833333
Thiruvananthapuram	6/5/2024	59.66666667
Thiruvananthapuram	6/6/2024	61.25
Thiruvananthapuram	6/7/2024	58.75
Thiruvananthapuram	6/8/2024	57
Thiruvananthapuram	6/9/2024	56.91666667
Thiruvananthapuram	6/10/2024	57.41666667
Thiruvananthapuram	6/11/2024	59.29166667
Thiruvananthapuram	6/12/2024	61.17391304
Thiruvananthapuram	6/13/2024	60.875
Thiruvananthapuram	6/14/2024	58.83333333
Thiruvananthapuram	6/15/2024	59.79166667
Thiruvananthapuram	6/16/2024	61.875
Thiruvananthapuram	6/17/2024	62
Thiruvananthapuram	6/18/2024	60.875
Thiruvananthapuram	6/19/2024	58.91666667
Thiruvananthapuram	6/20/2024	56.91666667
Thiruvananthapuram	6/21/2024	55.875
Thiruvananthapuram	6/22/2024	56.04166667
Thiruvananthapuram	6/23/2024	55.75
Thiruvananthapuram	6/24/2024	56
Thiruvananthapuram	6/25/2024	57.58333333
Thiruvananthapuram	6/26/2024	55.75
Thiruvananthapuram	6/27/2024	54.70833333
Thiruvananthapuram	6/28/2024	55.66666667
Thiruvananthapuram	6/29/2024	56.39130435
Thiruvananthapuram	6/30/2024	51
Dehradun	6/1/2024	132.4166667
Dehradun	6/2/2024	119.2083333
Dehradun	6/3/2024	128.25
Dehradun	6/4/2024	122.5833333
Dehradun	6/5/2024	113.4166667
Dehradun	6/6/2024	99.54166667
Dehradun	6/7/2024	108.0833333
Dehradun	6/8/2024	119.75
Dehradun	6/9/2024	121.25
Dehradun	6/10/2024	145.4166667
Dehradun	6/11/2024	161.0833333
Dehradun	6/12/2024	179.4782609
Dehradun	6/13/2024	148.9166667
Dehradun	6/14/2024	135.375
Dehradun	6/15/2024	144.0833333
Dehradun	6/16/2024	142.5416667
Dehradun	6/17/2024	137.25
Dehradun	6/18/2024	127.2083333
Dehradun	6/19/2024	120.4166667
Dehradun	6/20/2024	111
Dehradun	6/21/2024	53.83333333
Dehradun	6/22/2024	54.66666667
Dehradun	6/23/2024	67.16666667
Dehradun	6/24/2024	61.125
Dehradun	6/25/2024	53.58333333
Dehradun	6/26/2024	54.83333333
Dehradun	6/27/2024	39.54166667
Dehradun	6/28/2024	36.66666667
Dehradun	6/29/2024	38.7826087
Dehradun	6/30/2024	36.125
Jodhpur	6/1/2024	111.6956522
Jodhpur	6/2/2024	147.875
Jodhpur	6/3/2024	154
Jodhpur	6/4/2024	136.9166667
Jodhpur	6/5/2024	130.375
Jodhpur	6/6/2024	134.1666667
Jodhpur	6/7/2024	139.5
Jodhpur	6/8/2024	199.4166667
Jodhpur	6/9/2024	136.0833333
Jodhpur	6/10/2024	131.9583333
Jodhpur	6/11/2024	126.6666667
Jodhpur	6/12/2024	92.30434783
Jodhpur	6/13/2024	118.0416667
Jodhpur	6/14/2024	162.2083333
Jodhpur	6/15/2024	92.25
Jodhpur	6/16/2024	93.70833333
Jodhpur	6/17/2024	93.41666667
Jodhpur	6/18/2024	95.95833333
Jodhpur	6/19/2024	103.4117647
Jodhpur	6/20/2024	109.5416667
Jodhpur	6/21/2024	139.5416667
Jodhpur	6/22/2024	124.6666667
Jodhpur	6/23/2024	122.25
Jodhpur	6/24/2024	116.3333333
Jodhpur	6/25/2024	100.2083333
Jodhpur	6/26/2024	100.75
Jodhpur	6/27/2024	97.04166667
Jodhpur	6/28/2024	71.45833333
Jodhpur	6/29/2024	56.34782609
Jodhpur	6/30/2024	64.15789474
Dehradun	5/1/2024	114.5416667
Dehradun	5/2/2024	120.4583333
Dehradun	5/3/2024	134.4583333
Dehradun	5/4/2024	121.75
Dehradun	5/5/2024	101.75
Dehradun	5/6/2024	132.5
Dehradun	5/7/2024	132.375
Dehradun	5/8/2024	128.375
Dehradun	5/9/2024	100.5416667
Dehradun	5/10/2024	85.58333333
Dehradun	5/11/2024	88.75
Dehradun	5/12/2024	87.45833333
Dehradun	5/13/2024	94.25
Dehradun	5/14/2024	125.5217391
Dehradun	5/15/2024	158.6666667
Dehradun	5/16/2024	177.75
Dehradun	5/17/2024	199.0416667
Dehradun	5/18/2024	156.1666667
Dehradun	5/19/2024	142.5833333
Dehradun	5/20/2024	106.9583333
Dehradun	5/21/2024	100.75
Dehradun	5/22/2024	97.66666667
Dehradun	5/23/2024	87.95652174
Dehradun	5/24/2024	78.33333333
Dehradun	5/25/2024	92.39130435
Dehradun	5/26/2024	129.8695652
Dehradun	5/27/2024	143.0833333
Dehradun	5/28/2024	131.375
Dehradun	5/29/2024	155.9583333
Dehradun	5/30/2024	147
Dehradun	5/31/2024	146.5
Dehradun	2/1/2024	311.5454545
Dehradun	2/2/2024	46.66666667
Dehradun	2/3/2024	83.41666667
Dehradun	2/4/2024	65
Dehradun	2/5/2024	40.79166667
Dehradun	2/6/2024	53.75
Dehradun	2/7/2024	76.125
Dehradun	2/8/2024	100.3333333
Dehradun	2/9/2024	121.5833333
Dehradun	2/10/2024	183.875
Dehradun	2/11/2024	174.125
Dehradun	2/12/2024	97.73913043
Dehradun	2/13/2024	108.4166667
Dehradun	2/14/2024	94.45833333
Dehradun	2/15/2024	110.3333333
Dehradun	2/16/2024	124.125
Dehradun	2/17/2024	153.9166667
Dehradun	2/18/2024	241.9565217
Dehradun	2/19/2024	229
Dehradun	2/20/2024	86.83333333
Dehradun	2/21/2024	88.66666667
Dehradun	2/22/2024	78.95833333
Dehradun	2/23/2024	66.58333333
Dehradun	2/24/2024	71.875
Dehradun	2/25/2024	75.54166667
Dehradun	2/26/2024	70.59090909
Dehradun	2/27/2024	89.41666667
Dehradun	2/28/2024	88.33333333
Dehradun	2/29/2024	99.75
Raipur	3/1/2024	81.625
Raipur	3/2/2024	79.375
Raipur	3/3/2024	72
Raipur	3/4/2024	
Raipur	3/5/2024	83.4
Raipur	3/6/2024	88.79166667
Raipur	3/7/2024	81.875
Raipur	3/8/2024	97.73913043
Raipur	3/9/2024	100.375
Raipur	3/10/2024	93.875
Raipur	3/11/2024	92.41666667
Raipur	3/12/2024	75.79166667
Raipur	3/13/2024	67.91304348
Raipur	3/14/2024	71.65217391
Raipur	3/15/2024	65.95833333
Raipur	3/16/2024	97.375
Raipur	3/17/2024	96.25
Raipur	3/18/2024	
Raipur	3/19/2024	52.86363636
Raipur	3/20/2024	48.125
Raipur	3/21/2024	57.625
Raipur	3/22/2024	74
Raipur	3/23/2024	84.91666667
Raipur	3/24/2024	69.5
Raipur	3/25/2024	64.5
Raipur	3/26/2024	55.85714286
Raipur	3/27/2024	73.85714286
Raipur	3/28/2024	65.75
Raipur	3/29/2024	56.5
Raipur	3/30/2024	58
Raipur	3/31/2024	56.05
Thiruvananthapuram	5/1/2024	85.375
Thiruvananthapuram	5/2/2024	85.58333333
Thiruvananthapuram	5/3/2024	84.58333333
Thiruvananthapuram	5/4/2024	85.33333333
Thiruvananthapuram	5/5/2024	85.625
Thiruvananthapuram	5/6/2024	85.58333333
Thiruvananthapuram	5/7/2024	85.94736842
Thiruvananthapuram	5/8/2024	
Thiruvananthapuram	5/9/2024	
Thiruvananthapuram	5/10/2024	
Thiruvananthapuram	5/11/2024	
Thiruvananthapuram	5/12/2024	88.94117647
Thiruvananthapuram	5/13/2024	87.5
Thiruvananthapuram	5/14/2024	88.39130435
Thiruvananthapuram	5/15/2024	88.16666667
Thiruvananthapuram	5/16/2024	88.5
Thiruvananthapuram	5/17/2024	87.375
Thiruvananthapuram	5/18/2024	87.66666667
Thiruvananthapuram	5/19/2024	89.41666667
Thiruvananthapuram	5/20/2024	88.41666667
Thiruvananthapuram	5/21/2024	87.66666667
Thiruvananthapuram	5/22/2024	75.04166667
Thiruvananthapuram	5/23/2024	71.13043478
Thiruvananthapuram	5/24/2024	70.08333333
Thiruvananthapuram	5/25/2024	70.73913043
Thiruvananthapuram	5/26/2024	70.04347826
Thiruvananthapuram	5/27/2024	69.75
Thiruvananthapuram	5/28/2024	70.45833333
Thiruvananthapuram	5/29/2024	70.875
Thiruvananthapuram	5/30/2024	70.125
Thiruvananthapuram	5/31/2024	58.08333333
Guwahati	6/1/2024	27.04166667
Guwahati	6/2/2024	43.70833333
Guwahati	6/3/2024	33.625
Guwahati	6/4/2024	22.66666667
Guwahati	6/5/2024	26.75
Guwahati	6/6/2024	30.33333333
Guwahati	6/7/2024	60.20833333
Guwahati	6/8/2024	57.66666667
Guwahati	6/9/2024	65.875
Guwahati	6/10/2024	77.125
Guwahati	6/11/2024	88.80952381
Guwahati	6/12/2024	
Guwahati	6/13/2024	79.52380952
Guwahati	6/14/2024	
Guwahati	6/15/2024	
Guwahati	6/16/2024	
Guwahati	6/17/2024	
Guwahati	6/18/2024	
Guwahati	6/19/2024	34.33333333
Guwahati	6/20/2024	
Guwahati	6/21/2024	
Guwahati	6/22/2024	44.10526316
Guwahati	6/23/2024	
Guwahati	6/24/2024	
Guwahati	6/25/2024	
Guwahati	6/26/2024	41.81818182
Jodhpur	2/1/2024	171.6666667
Jodhpur	2/2/2024	132.7916667
Jodhpur	2/3/2024	161.6666667
Jodhpur	2/4/2024	193.125
Jodhpur	2/5/2024	129.5
Jodhpur	2/6/2024	162.625
Jodhpur	2/7/2024	134
Jodhpur	2/8/2024	117.9166667
Jodhpur	2/9/2024	110.6666667
Jodhpur	2/10/2024	144.6666667
Jodhpur	2/11/2024	139.9166667
Jodhpur	2/12/2024	160.0625
Jodhpur	2/13/2024	160.75
Jodhpur	2/14/2024	130.4583333
Jodhpur	2/15/2024	137.7083333
Jodhpur	2/16/2024	167.7916667
Jodhpur	2/17/2024	161.4583333
Jodhpur	2/18/2024	305.7391304
Jodhpur	2/19/2024	180.7
Jodhpur	2/20/2024	162.2083333
Jodhpur	2/21/2024	195.6666667
Jodhpur	2/22/2024	152.9166667
Jodhpur	2/23/2024	148.0416667
Jodhpur	2/24/2024	179.6666667
Jodhpur	2/25/2024	98.20833333
Jodhpur	2/26/2024	157.2272727
Jodhpur	2/27/2024	170.5833333
Jodhpur	2/28/2024	146.4583333
Jodhpur	2/29/2024	124
Dehradun	1/1/2024	216.9583333
Dehradun	1/2/2024	189.1818182
Dehradun	1/3/2024	150.65
Dehradun	1/4/2024	113.0416667
Dehradun	1/5/2024	160.25
Dehradun	1/6/2024	181.7083333
Dehradun	1/7/2024	216.7083333
Dehradun	1/8/2024	221
Dehradun	1/9/2024	178.4166667
Dehradun	1/10/2024	218.2
Dehradun	1/11/2024	274.35
Dehradun	1/12/2024	264.625
Dehradun	1/13/2024	283.3333333
Dehradun	1/14/2024	269.4347826
Dehradun	1/15/2024	272.625
Dehradun	1/16/2024	243.5416667
Dehradun	1/17/2024	131
Dehradun	1/18/2024	196.375
Dehradun	1/19/2024	303.7916667
Dehradun	1/20/2024	250.9090909
Dehradun	1/21/2024	240.7916667
Dehradun	1/22/2024	288.4583333
Dehradun	1/23/2024	277.5555556
Dehradun	1/24/2024	248.2727273
Dehradun	1/25/2024	200.7826087
Dehradun	1/26/2024	140.3333333
Dehradun	1/27/2024	266.25
Dehradun	1/28/2024	296.4166667
Dehradun	1/29/2024	247.1666667
Dehradun	1/30/2024	247.375
Dehradun	1/31/2024	309.9583333
Dehradun	3/1/2024	115.625
Dehradun	3/2/2024	86.20833333
Dehradun	3/3/2024	24.17391304
Dehradun	3/4/2024	29.25
Dehradun	3/5/2024	72.125
Dehradun	3/6/2024	87.95833333
Dehradun	3/7/2024	88.16666667
Dehradun	3/8/2024	76.60869565
Dehradun	3/9/2024	79.54166667
Dehradun	3/10/2024	87.20833333
Dehradun	3/11/2024	118.75
Dehradun	3/12/2024	114.2083333
Dehradun	3/13/2024	85.73913043
Dehradun	3/14/2024	91.13043478
Dehradun	3/15/2024	84.25
Dehradun	3/16/2024	85.19047619
Dehradun	3/17/2024	97.625
Dehradun	3/18/2024	94.04166667
Dehradun	3/19/2024	98.95833333
Dehradun	3/20/2024	80.95833333
Dehradun	3/21/2024	104.5909091
Dehradun	3/22/2024	99.91666667
Dehradun	3/23/2024	108.625
Dehradun	3/24/2024	92.125
Dehradun	3/25/2024	94.25
Dehradun	3/26/2024	75.41666667
Dehradun	3/27/2024	93.91666667
Dehradun	3/28/2024	104.125
Dehradun	3/29/2024	97.86363636
Dehradun	3/30/2024	106.1875
Raipur	6/1/2024	104.5833333
Raipur	6/2/2024	93.875
Raipur	6/3/2024	
Raipur	6/4/2024	52.41176471
Raipur	6/5/2024	53.875
Raipur	6/6/2024	45.91666667
Raipur	6/7/2024	52.58333333
Raipur	6/8/2024	44.25
Raipur	6/9/2024	46.91666667
Raipur	6/10/2024	45.16666667
Raipur	6/11/2024	65.45833333
Raipur	6/12/2024	59.95652174
Raipur	6/13/2024	56.94444444
Raipur	6/14/2024	
Raipur	6/15/2024	
Raipur	6/16/2024	52.16666667
Raipur	6/17/2024	60.42857143
Raipur	6/18/2024	50.33333333
Raipur	6/19/2024	43.83333333
Raipur	6/20/2024	36
Raipur	6/21/2024	25.58333333
Raipur	6/22/2024	25.25
Raipur	6/23/2024	31.125
Raipur	6/24/2024	32.58333333
Raipur	6/25/2024	37.54166667
Raipur	6/26/2024	38.83333333
Raipur	6/27/2024	38.66666667
Raipur	6/28/2024	30.09090909
Raipur	6/29/2024	24.60869565
Raipur	6/30/2024	28.41666667
Guwahati	2/1/2024	199.4583333
Guwahati	2/2/2024	195.1666667
Guwahati	2/3/2024	180.3333333
Guwahati	2/4/2024	185.375
Guwahati	2/5/2024	191.6666667
Guwahati	2/6/2024	148.1666667
Guwahati	2/7/2024	255.7916667
Guwahati	2/8/2024	165.625
Guwahati	2/9/2024	215
Guwahati	2/10/2024	152.8333333
Guwahati	2/11/2024	149.1666667
Guwahati	2/12/2024	152.5217391
Guwahati	2/13/2024	175.7083333
Guwahati	2/14/2024	241.4583333
Guwahati	2/15/2024	235.2083333
Guwahati	2/16/2024	166.375
Guwahati	2/17/2024	207.5833333
Guwahati	2/18/2024	274.2608696
Guwahati	2/19/2024	286.5833333
Guwahati	2/20/2024	296.7916667
Guwahati	2/21/2024	223.0416667
Guwahati	2/22/2024	277.1666667
Guwahati	2/23/2024	273.5
Guwahati	2/24/2024	176.8333333
Guwahati	2/25/2024	213.4166667
Guwahati	2/26/2024	201.2272727
Guwahati	2/27/2024	204.875
Guwahati	2/28/2024	232.4583333
Guwahati	2/29/2024	222.0833333
Jodhpur	4/1/2024	147.6666667
Jodhpur	4/2/2024	135.2916667
Jodhpur	4/3/2024	146.0833333
Jodhpur	4/4/2024	143
Jodhpur	4/5/2024	157.2857143
Jodhpur	4/6/2024	
Jodhpur	4/7/2024	
Jodhpur	4/8/2024	
Jodhpur	4/9/2024	171.95
Jodhpur	4/10/2024	166.4583333
Jodhpur	4/11/2024	135.4166667
Jodhpur	4/12/2024	112.0833333
Jodhpur	4/13/2024	100.625
Jodhpur	4/14/2024	174
Jodhpur	4/15/2024	106.75
Jodhpur	4/16/2024	94.45833333
Jodhpur	4/17/2024	143.625
Jodhpur	4/18/2024	126.7916667
Jodhpur	4/19/2024	164.9166667
Jodhpur	4/20/2024	143.3333333
Jodhpur	4/21/2024	96.79166667
Jodhpur	4/22/2024	110.75
Jodhpur	4/23/2024	141.1666667
Jodhpur	4/24/2024	133.8333333
Jodhpur	4/25/2024	115.625
Jodhpur	4/26/2024	107.1304348
Jodhpur	4/27/2024	165.0416667
Jodhpur	4/28/2024	150.75
Jodhpur	4/29/2024	155.5
Jodhpur	4/30/2024	226.5833333
Raipur	2/1/2024	88.6
Raipur	2/2/2024	
Raipur	2/3/2024	
Raipur	2/4/2024	
Raipur	2/5/2024	
Raipur	2/6/2024	64.05882353
Raipur	2/7/2024	86.83333333
Raipur	2/8/2024	86.625
Raipur	2/9/2024	63.125
Raipur	2/10/2024	97.41666667
Raipur	2/11/2024	109.7083333
Raipur	2/12/2024	90.65217391
Raipur	2/13/2024	90.20833333
Raipur	2/14/2024	81
Raipur	2/15/2024	75.33333333
Raipur	2/16/2024	103.875
Raipur	2/17/2024	94
Raipur	2/18/2024	83.56521739
Raipur	2/19/2024	78.04166667
Raipur	2/20/2024	73.375
Raipur	2/21/2024	56.79166667
Raipur	2/22/2024	44.875
Raipur	2/23/2024	39.2
Raipur	2/24/2024	101.6190476
Raipur	2/25/2024	101.5
Raipur	2/26/2024	82.40909091
Raipur	2/27/2024	85.20833333
Raipur	2/28/2024	64.29166667
Raipur	2/29/2024	75.54166667
Thiruvananthapuram	1/1/2024	71.125
Thiruvananthapuram	1/2/2024	70.91666667
Thiruvananthapuram	1/3/2024	71.25
Thiruvananthapuram	1/4/2024	73
Thiruvananthapuram	1/5/2024	73.45833333
Thiruvananthapuram	1/6/2024	80.45833333
Thiruvananthapuram	1/7/2024	82.91666667
Thiruvananthapuram	1/8/2024	82.58333333
Thiruvananthapuram	1/9/2024	77.25
Thiruvananthapuram	1/10/2024	75.86956522
Thiruvananthapuram	1/11/2024	76.875
Thiruvananthapuram	1/12/2024	76.95833333
Thiruvananthapuram	1/13/2024	75.875
Thiruvananthapuram	1/14/2024	77.04347826
Thiruvananthapuram	1/15/2024	76.375
Thiruvananthapuram	1/16/2024	76.875
Thiruvananthapuram	1/17/2024	76.54166667
Thiruvananthapuram	1/18/2024	76
Thiruvananthapuram	1/19/2024	76.29166667
Thiruvananthapuram	1/20/2024	76.27272727
Thiruvananthapuram	1/21/2024	76.875
Thiruvananthapuram	1/22/2024	76.83333333
Thiruvananthapuram	1/23/2024	77
Thiruvananthapuram	1/24/2024	79.375
Thiruvananthapuram	1/25/2024	79.47826087
Thiruvananthapuram	1/26/2024	79.875
Thiruvananthapuram	1/27/2024	80.91666667
Thiruvananthapuram	1/28/2024	80.95833333
Thiruvananthapuram	1/29/2024	79.95833333
Thiruvananthapuram	1/30/2024	78.83333333
Thiruvananthapuram	1/31/2024	79.58333333
Guwahati	5/1/2024	103.3333333
Guwahati	5/2/2024	125.5416667
Guwahati	5/3/2024	194.875
Guwahati	5/4/2024	193.2666667
Guwahati	5/5/2024	
Guwahati	5/6/2024	48.25
Guwahati	5/7/2024	40.75
Guwahati	5/8/2024	47.5
Guwahati	5/9/2024	82.66666667
Guwahati	5/10/2024	50.08333333
Guwahati	5/11/2024	49.33333333
Guwahati	5/12/2024	56.58333333
Guwahati	5/13/2024	74.16666667
Guwahati	5/14/2024	108.2173913
Guwahati	5/15/2024	126.125
Guwahati	5/16/2024	152.6666667
Guwahati	5/17/2024	83.8
Guwahati	5/18/2024	85
Guwahati	5/19/2024	49.6
Guwahati	5/20/2024	37.375
Guwahati	5/21/2024	59.25
Guwahati	5/22/2024	94.95833333
Guwahati	5/23/2024	84.82608696
Guwahati	5/24/2024	81.5
Guwahati	5/25/2024	92.39130435
Guwahati	5/26/2024	59.17391304
Guwahati	5/27/2024	34.95833333
Guwahati	5/28/2024	25.41666667
Guwahati	5/29/2024	21.45833333
Guwahati	5/30/2024	36.25
Guwahati	5/31/2024	25.70833333
Jodhpur	5/1/2024	201.8333333
Jodhpur	5/2/2024	154.5416667
Jodhpur	5/3/2024	223.3333333
Jodhpur	5/4/2024	228.5
Jodhpur	5/5/2024	179.4166667
Jodhpur	5/6/2024	166.2083333
Jodhpur	5/7/2024	153.875
Jodhpur	5/8/2024	141.1666667
Jodhpur	5/9/2024	112.9166667
Jodhpur	5/10/2024	108.75
Jodhpur	5/11/2024	105.875
Jodhpur	5/12/2024	108.5833333
Jodhpur	5/13/2024	99.83333333
Jodhpur	5/14/2024	98.13043478
Jodhpur	5/15/2024	119.8333333
Jodhpur	5/16/2024	150.875
Jodhpur	5/17/2024	131.0416667
Jodhpur	5/18/2024	139.5833333
Jodhpur	5/19/2024	109.8333333
Jodhpur	5/20/2024	116.0416667
Jodhpur	5/21/2024	113.3333333
Jodhpur	5/22/2024	122.5833333
Jodhpur	5/23/2024	118.9565217
Jodhpur	5/24/2024	100.8333333
Jodhpur	5/25/2024	124.6956522
Jodhpur	5/26/2024	130.0434783
Jodhpur	5/27/2024	147.2083333
Jodhpur	5/28/2024	166.7083333
Jodhpur	5/29/2024	204.4166667
Jodhpur	5/30/2024	137.3333333
Jodhpur	5/31/2024	111.8571429
Raipur	1/1/2024	150.6666667
Raipur	1/2/2024	136.7916667
Raipur	1/3/2024	105.3333333
Raipur	1/4/2024	107.5833333
Raipur	1/5/2024	121.0416667
Raipur	1/6/2024	103.2916667
Raipur	1/7/2024	104.8333333
Raipur	1/8/2024	116.9166667
Raipur	1/9/2024	122.6666667
Raipur	1/10/2024	127.4782609
Raipur	1/11/2024	109.9583333
Raipur	1/12/2024	93.20833333
Raipur	1/13/2024	86.41666667
Raipur	1/14/2024	90.82608696
Raipur	1/15/2024	81.04166667
Raipur	1/16/2024	83.20833333
Raipur	1/17/2024	101.0416667
Raipur	1/18/2024	110.5
Raipur	1/19/2024	98
Raipur	1/20/2024	125.5
Raipur	1/21/2024	108.3333333
Raipur	1/22/2024	96.83333333
Raipur	1/23/2024	98.79166667
Raipur	1/24/2024	105.375
Raipur	1/25/2024	102.0434783
Raipur	1/26/2024	105.375
Raipur	1/27/2024	86.75
Raipur	1/28/2024	86.42857143
Raipur	1/29/2024	
Raipur	1/30/2024	74.82352941
Raipur	1/31/2024	83.125
Thiruvananthapuram	2/1/2024	79.33333333
Thiruvananthapuram	2/2/2024	79.45833333
Thiruvananthapuram	2/3/2024	78.16666667
Thiruvananthapuram	2/4/2024	79.125
Thiruvananthapuram	2/5/2024	79.54166667
Thiruvananthapuram	2/6/2024	81.5
Thiruvananthapuram	2/7/2024	82.58333333
Thiruvananthapuram	2/8/2024	84.08333333
Thiruvananthapuram	2/9/2024	83.95833333
Thiruvananthapuram	2/10/2024	82.95833333
Thiruvananthapuram	2/11/2024	83.25
Thiruvananthapuram	2/12/2024	83.47826087
Thiruvananthapuram	2/13/2024	82.83333333
Thiruvananthapuram	2/14/2024	82.25
Thiruvananthapuram	2/15/2024	82
Thiruvananthapuram	2/16/2024	82.70833333
Thiruvananthapuram	2/17/2024	83
Thiruvananthapuram	2/18/2024	83.56521739
Thiruvananthapuram	2/19/2024	83.91666667
Thiruvananthapuram	2/20/2024	83.29166667
Thiruvananthapuram	2/21/2024	84.04166667
Thiruvananthapuram	2/22/2024	83.83333333
Thiruvananthapuram	2/23/2024	83.54166667
Thiruvananthapuram	2/24/2024	83.91666667
Thiruvananthapuram	2/25/2024	84.20833333
Thiruvananthapuram	2/26/2024	82.59090909
Thiruvananthapuram	2/27/2024	82.91666667
Thiruvananthapuram	2/28/2024	83.20833333
Thiruvananthapuram	2/29/2024	82.91666667
Jodhpur	1/1/2024	164.5384615
Jodhpur	1/2/2024	140.5
Jodhpur	1/3/2024	164.5
Jodhpur	1/4/2024	122.0625
Jodhpur	1/5/2024	
Jodhpur	1/6/2024	150.8181818
Jodhpur	1/7/2024	167.0909091
Jodhpur	1/8/2024	119.3529412
Jodhpur	1/9/2024	121.25
Jodhpur	1/10/2024	175.6521739
Jodhpur	1/11/2024	174.7083333
Jodhpur	1/12/2024	194.8571429
Jodhpur	1/13/2024	306.0625
Jodhpur	1/14/2024	274.7826087
Jodhpur	1/15/2024	143.3333333
Jodhpur	1/16/2024	274.9583333
Jodhpur	1/17/2024	284.3333333
Jodhpur	1/18/2024	248.25
Jodhpur	1/19/2024	207.9583333
Jodhpur	1/20/2024	218.9545455
Jodhpur	1/21/2024	163.25
Jodhpur	1/22/2024	146.1666667
Jodhpur	1/23/2024	279.5416667
Jodhpur	1/24/2024	196.25
Jodhpur	1/25/2024	222.4782609
Jodhpur	1/26/2024	233.75
Jodhpur	1/27/2024	
Jodhpur	1/28/2024	288.6
Jodhpur	1/29/2024	253.4583333
Jodhpur	1/30/2024	206.75
Jodhpur	1/31/2024	257.25
Guwahati	4/1/2024	81.625
Guwahati	4/2/2024	74.375
Guwahati	4/3/2024	150.1666667
Guwahati	4/4/2024	195.1666667
Guwahati	4/5/2024	229.7083333
Guwahati	4/6/2024	97.5
Guwahati	4/7/2024	169.5833333
Guwahati	4/8/2024	174.9583333
Guwahati	4/9/2024	190.5833333
Guwahati	4/10/2024	244.8333333
Guwahati	4/11/2024	278
Guwahati	4/12/2024	
Guwahati	4/13/2024	
Guwahati	4/14/2024	
Guwahati	4/15/2024	
Guwahati	4/16/2024	
Guwahati	4/17/2024	82
Guwahati	4/18/2024	77.25
Guwahati	4/19/2024	95.70833333
Guwahati	4/20/2024	80.125
Guwahati	4/21/2024	43.91666667
Guwahati	4/22/2024	69.04166667
Guwahati	4/23/2024	104.5833333
Guwahati	4/24/2024	150.5
Guwahati	4/25/2024	206.0416667
Guwahati	4/26/2024	194.7826087
Guwahati	4/27/2024	124.7083333
Guwahati	4/28/2024	74.33333333
Guwahati	4/29/2024	58.375
Guwahati	4/30/2024	67.875
Dehradun	4/2/2024	97.73684211
Dehradun	4/3/2024	89.25
Dehradun	4/4/2024	104.375
Dehradun	4/5/2024	91.45833333
Dehradun	4/6/2024	96.83333333
Dehradun	4/7/2024	94.66666667
Dehradun	4/8/2024	98.08333333
Dehradun	4/9/2024	122.6666667
Dehradun	4/10/2024	124
Dehradun	4/11/2024	91.66666667
Dehradun	4/12/2024	86.79166667
Dehradun	4/13/2024	133.375
Dehradun	4/14/2024	155.1666667
Dehradun	4/15/2024	128.25
Dehradun	4/16/2024	104.0416667
Dehradun	4/17/2024	91
Dehradun	4/18/2024	88.79166667
Dehradun	4/19/2024	79.2
Dehradun	4/20/2024	84.4
Dehradun	4/21/2024	101.4166667
Dehradun	4/22/2024	98.25
Dehradun	4/23/2024	99.45833333
Dehradun	4/24/2024	111.7916667
Dehradun	4/25/2024	115.0833333
Dehradun	4/26/2024	105.826087
Dehradun	4/27/2024	89.375
Dehradun	4/28/2024	76.45833333
Dehradun	4/29/2024	81.20833333
Dehradun	4/30/2024	94.29166667
Thiruvananthapuram	4/1/2024	98.16666667
Thiruvananthapuram	4/2/2024	97.95833333
Thiruvananthapuram	4/3/2024	98
Thiruvananthapuram	4/4/2024	98.125
Thiruvananthapuram	4/5/2024	98.625
Thiruvananthapuram	4/6/2024	98.20833333
Thiruvananthapuram	4/7/2024	98.66666667
Thiruvananthapuram	4/8/2024	98.20833333
Thiruvananthapuram	4/9/2024	98.29166667
Thiruvananthapuram	4/10/2024	88.91666667
Thiruvananthapuram	4/11/2024	86.58333333
Thiruvananthapuram	4/12/2024	85.5
Thiruvananthapuram	4/13/2024	85.45833333
Thiruvananthapuram	4/14/2024	85.79166667
Thiruvananthapuram	4/15/2024	85.45833333
Thiruvananthapuram	4/16/2024	86
Thiruvananthapuram	4/17/2024	86.125
Thiruvananthapuram	4/18/2024	86.45833333
Thiruvananthapuram	4/19/2024	86.25
Thiruvananthapuram	4/20/2024	85.625
Thiruvananthapuram	4/21/2024	85.41666667
Thiruvananthapuram	4/22/2024	85.625
Thiruvananthapuram	4/23/2024	86.16666667
Thiruvananthapuram	4/24/2024	86
Thiruvananthapuram	4/25/2024	87.33333333
Thiruvananthapuram	4/26/2024	86.26086957
Thiruvananthapuram	4/27/2024	86.625
Thiruvananthapuram	4/28/2024	86.54166667
Thiruvananthapuram	4/29/2024	85.20833333
Thiruvananthapuram	4/30/2024	85.95833333
Jodhpur	3/1/2024	228.0416667
Jodhpur	3/2/2024	144.8333333
Jodhpur	3/3/2024	128.7083333
Jodhpur	3/4/2024	123.3333333
Jodhpur	3/5/2024	128.625
Jodhpur	3/6/2024	102.6666667
Jodhpur	3/7/2024	106.0833333
Jodhpur	3/8/2024	106.6956522
Jodhpur	3/9/2024	100.9166667
Jodhpur	3/10/2024	113.7083333
Jodhpur	3/11/2024	131.0416667
Jodhpur	3/12/2024	118.125
Jodhpur	3/13/2024	106.4782609
Jodhpur	3/14/2024	149.5652174
Jodhpur	3/15/2024	135.7083333
Jodhpur	3/16/2024	109.25
Jodhpur	3/17/2024	112.1666667
Jodhpur	3/18/2024	109.75
Jodhpur	3/19/2024	207.1666667
Jodhpur	3/20/2024	134.875
Jodhpur	3/21/2024	111.5
Jodhpur	3/22/2024	171
Jodhpur	3/23/2024	149.4583333
Jodhpur	3/24/2024	118.7916667
Jodhpur	3/25/2024	136.375
Jodhpur	3/26/2024	155.5
Jodhpur	3/27/2024	139.75
Jodhpur	3/28/2024	114.0416667
Jodhpur	3/29/2024	149.2727273
Jodhpur	3/30/2024	134.4583333
Jodhpur	3/31/2024	153.7916667
Thiruvananthapuram	3/1/2024	83.54166667
Thiruvananthapuram	3/2/2024	83.25
Thiruvananthapuram	3/3/2024	84.04166667
Thiruvananthapuram	3/4/2024	83.54166667
Thiruvananthapuram	3/5/2024	83.625
Thiruvananthapuram	3/6/2024	86
Thiruvananthapuram	3/7/2024	87.91666667
Thiruvananthapuram	3/8/2024	86.43478261
Thiruvananthapuram	3/9/2024	86.20833333
Thiruvananthapuram	3/10/2024	86.75
Thiruvananthapuram	3/11/2024	85.95833333
Thiruvananthapuram	3/12/2024	86.875
Thiruvananthapuram	3/13/2024	85.73913043
Thiruvananthapuram	3/14/2024	86.47826087
Thiruvananthapuram	3/15/2024	88.16666667
Thiruvananthapuram	3/16/2024	97.41666667
Thiruvananthapuram	3/17/2024	98.95833333
Thiruvananthapuram	3/18/2024	97.41666667
Thiruvananthapuram	3/19/2024	97
Thiruvananthapuram	3/20/2024	97.29166667
Thiruvananthapuram	3/21/2024	97.90909091
Thiruvananthapuram	3/22/2024	98.25
Thiruvananthapuram	3/23/2024	97.875
Thiruvananthapuram	3/24/2024	98.45833333
Thiruvananthapuram	3/25/2024	98.16666667
Thiruvananthapuram	3/26/2024	99.25
Thiruvananthapuram	3/27/2024	98.625
Thiruvananthapuram	3/28/2024	98.125
Thiruvananthapuram	3/29/2024	98.59090909
Thiruvananthapuram	3/30/2024	97.83333333
Thiruvananthapuram	3/31/2024	98.79166667
Guwahati	3/1/2024	206.3333333
Guwahati	3/2/2024	223.4166667
Guwahati	3/3/2024	166.4583333
Guwahati	3/4/2024	166.8333333
Guwahati	3/5/2024	168.375
Guwahati	3/6/2024	176.5833333
Guwahati	3/7/2024	174.0833333
Guwahati	3/8/2024	214.3913043
Guwahati	3/9/2024	212.5833333
Guwahati	3/10/2024	217
Guwahati	3/11/2024	
Guwahati	3/12/2024	
Guwahati	3/13/2024	190
Guwahati	3/14/2024	
Guwahati	3/15/2024	176.9130435
Guwahati	3/16/2024	163.9166667
Guwahati	3/17/2024	210.8333333
Guwahati	3/18/2024	244.75
Guwahati	3/19/2024	276.6666667
Guwahati	3/20/2024	319.1666667
Guwahati	3/21/2024	238.3636364
Guwahati	3/22/2024	131.375
Guwahati	3/23/2024	124.1666667
Guwahati	3/24/2024	100.9583333
Guwahati	3/25/2024	133.5833333
Guwahati	3/26/2024	66.875
Guwahati	3/27/2024	32
Guwahati	3/28/2024	55
Guwahati	3/29/2024	114.5
Guwahati	3/30/2024	180.0833333
Guwahati	3/31/2024	186
Raipur	4/1/2024	43
Raipur	4/2/2024	73
Raipur	4/3/2024	86.875
Raipur	4/4/2024	82.83333333
Raipur	4/5/2024	81
Raipur	4/6/2024	79.33333333
Raipur	4/7/2024	79.45833333
Raipur	4/8/2024	68
Raipur	4/9/2024	40.5
Raipur	4/10/2024	42.58333333
Raipur	4/11/2024	36.41666667
Raipur	4/12/2024	38.16666667
Raipur	4/13/2024	61.66666667
Raipur	4/14/2024	51.5
Raipur	4/15/2024	50.83333333
Raipur	4/16/2024	65.95833333
Raipur	4/17/2024	78.58333333
Raipur	4/18/2024	64.55
Raipur	4/19/2024	
Raipur	4/20/2024	63
Raipur	4/21/2024	50.5
Raipur	4/22/2024	45.55555556
Raipur	4/23/2024	40.76190476
Raipur	4/24/2024	54.36842105
Raipur	4/25/2024	
Raipur	4/26/2024	63.17647059
Raipur	4/27/2024	
Raipur	4/28/2024	77.90909091
Raipur	4/29/2024	91.75
Raipur	4/30/2024	60
Raipur	5/1/2024	84.0625
Raipur	5/2/2024	81.95833333
Raipur	5/3/2024	89.75
Raipur	5/4/2024	77.46666667
Raipur	5/5/2024	
Raipur	5/6/2024	
Raipur	5/7/2024	60.30769231
Raipur	5/8/2024	39.29166667
Raipur	5/9/2024	64.66666667
Raipur	5/10/2024	43.9375
Raipur	5/11/2024	
Raipur	5/12/2024	80.55555556
Raipur	5/13/2024	
Raipur	5/14/2024	69.85
Raipur	5/15/2024	
Raipur	5/16/2024	86.38095238
Raipur	5/17/2024	65.04166667
Raipur	5/18/2024	38.79166667
Raipur	5/19/2024	36.75
Raipur	5/20/2024	
Raipur	5/21/2024	
Raipur	5/22/2024	
Raipur	5/23/2024	106.8181818
Raipur	5/24/2024	
Raipur	5/25/2024	75.0952381
Raipur	5/26/2024	68
Raipur	5/27/2024	
Raipur	5/28/2024	88.54545455
Raipur	5/29/2024	86.04166667
Raipur	5/30/2024	104.5
Raipur	5/31/2024	97.66666667
